{"signed_files":[{"filename":"Config.json","signature":"YWu+jZB0Y1slLiSSIwe\/Bf0MtYD39YPg\/TFhAb+GOx4rsZpTVCG4T6McfeTf+N2NGgw4jrl68zErq7Yn3jLVdGk9ZZvFsUrUuaa+CSsywGZvHJjag+q8SdEalVhopCUFxTJoWluNxxNBeKkwZnVJ5NfdlWjarwGUlLSOteN\/iMJyr41i4bpoaondi0PoMwMXLaP+9ZYbhLrMxjdJWhAtNK62najlSEqyXCLLUepqmi9FxN+XWkJLQEVSzmFx2Wp70Z9hQB8vwYFQBSsc+E\/Iabpm1YgrPYbqLjmXkhwwjevw4mAu+vV6XpvCtQ\/3vnzXJTwktCcJbDScNVm4GzkHBQ=="},{"filename":"Profile.01.xtu","signature":"MfknFGHHtVAH+bmt5N4CIa2Obpg4vqe\/SLJqJLBZSy6vbgwrkRMciKV82FO9wq5M14PFfRckDXPxi8fo\/9UoCff9QkIMK2Giod3r01UJiW+\/NCptqVfsnviZb7WCecb7hEwuXUh5YuJCVEy3cDBtRs\/h5DxysgE61Bz+tOD8ZsmAn9t9u7r9zhlx2pxaYfoGq8HjWLegeGaUKMjsJnUBG+3EcrUIF\/f5vuOesWl+h4K2tyhdPeMtrjSTBqDZBxnOhlSjiloFuJbU7DiTmrWarhT7RRZGpGJGsrLtH1FMNAoVCJ1uBlsOmKuvPVNh8HztiGyvzLRpvvhNqXivAMJ+1Q=="},{"filename":"Profile.02.xtu","signature":"f\/i53inxXDEMO6HlQhyTnyVlhHAed\/r73C\/UCo3QdYweVq8oDEw4R\/vPR+Qx38Dq9GlDFrJG\/piDRwgAUFbKF0exEwnFZ6EgHDduHzpxloEueke4v0G9E8Y\/smyWKFuTy2gQJoYiyuGrXfbdwHL7H2ZtYqGtsxretBRSQGVRvd\/7r+uj\/sIGbuTMGtmccRdw5JfKjg3JeorH336AxaDEaQpZGckc285Heds36TDq6f7O81OUQrFQJW5+AGrYV5suQinWlfa0VIZQZ6sSMjS4hviW76mW29o4IsW4XTYQccszZk64n\/26pBD5JRnMo3hFWKnxL6VkYfkNDNZge5seQA=="},{"filename":"Profile.Custom.xtu","signature":"f\/i53inxXDEMO6HlQhyTnyVlhHAed\/r73C\/UCo3QdYweVq8oDEw4R\/vPR+Qx38Dq9GlDFrJG\/piDRwgAUFbKF0exEwnFZ6EgHDduHzpxloEueke4v0G9E8Y\/smyWKFuTy2gQJoYiyuGrXfbdwHL7H2ZtYqGtsxretBRSQGVRvd\/7r+uj\/sIGbuTMGtmccRdw5JfKjg3JeorH336AxaDEaQpZGckc285Heds36TDq6f7O81OUQrFQJW5+AGrYV5suQinWlfa0VIZQZ6sSMjS4hviW76mW29o4IsW4XTYQccszZk64n\/26pBD5JRnMo3hFWKnxL6VkYfkNDNZge5seQA=="},{"filename":"Profile.Default.xtu","signature":"DUrv0Wck091a+aHbymIVKcdqqC\/9KZnrMxYFMt8cBgw8K9fDVzMFn1Xo9RGnU\/J0ZfRbf62jiyh0lBXHt22wPiI7hAEfstuPuUE5lk5RVqYFWK0JoQ1GeKa0Pi2iNj+9x+7cFepayfkPOJSYJWu4PnGHbVHbAorDxmPv\/40TbSJB4oynTxLlAFTPXh5U39qZKGdvZup1q3UCWlljxr6leZW1fykvb9orPwbBusRWfVbdT6tILMGnP5VWYKAoV2i2aepy7xiwsE9QI2ONE0j\/+AITujCv5573L9IKhqJLYE6jxnndUmXKdhGc5qTqQKhVxDH7KoKkUGKiB+62lw7NIA=="}]}