{"signed_files":[{"filename":"Config.json","signature":"pj6mMugAkZggJgcufKb1L4ZUeKvvjDSYHmmJiSXRBmSQIrCc5rujxu\/cYwSmWBbyG4nc+h+1XLXV5ts3EloQq+QtZVCbNKflDj7gf4rlmlFYA8vY20S3mHa9nnS6k2aCe8zeALX6Jz3SwsTGMoPw1OOnpWx0eK\/4m1vyxXgLleHgwM00Fzrvwzh+FMD\/11Sxv8hApwRUujomBvA7kPv34pUPVw6FVyE8Y+65W4iXNdMbzZP2xBtWXFfhGqODl8dv9X+hDK6xcPATni7BtsWRUn4pLJTSyeCJsDNczg1NwRLwnc5OXDUtoUJ6T8UtePWm71JL\/12BBC0hd1aYgNMgww=="},{"filename":"Profile.01.xtu","signature":"esnDEuqW\/p6TjGr6BcGeAzjINBPKV8QSZiQLJLpYGqJTg7O058plnsw8ZPQPEEsM+hlgOVwFmmGwkL5Kp+2aylyxjl16zQhOvtsVjHINfMncsveGkKBAYBji9N9kJ2xkGX32M57JuKaOj+eIiVI4Ie7BfMYzYmSFh7Qyv0nyMF6CCsyHm3cNuR\/Ad1u\/pkKDGEF8n1EYhlFfsChixpVf0UwZoHoLCvaUL4Mwv\/hUYWbSKo0nQZdQ9uAIrmj8xJuAmkrYqft3NzpFhHXbf9FGgv8hWj6COXZJtaiAn8tKc4iXOPqMN7GiLJ+saPjoRKd\/lXIVlgddApUDxwXWDmJXIw=="},{"filename":"Profile.02.xtu","signature":"l0V608a862j75ByzJ9kntkwrg+9AXGk7IjYLGKbVt+0aX6gqTWgW7hbCKY6pDFQKwxye1MVSyk7ANVv\/dJeBG19ysph3rqlQ+FB9QokLvTD7V2\/NWqpqe1qo5saivJSgfEVjA8ypdv\/ZRuAU9yYpQlAR9rP82QZqrVZixXixgd9CMTfaBtE0fvN5G70hbjqCv+0Q0PstWhEHdL\/c59V+X0S\/RdxN4JsPWF\/aGDdHRvkyqzdp2spZ\/\/MbryXW6Wf9HKtrALgAQ5eJBE21FCBTnNw\/ko2Xv\/EBbgTsh4n2BYXhdvZNaEALYysrpvS7IYs6fnFhFRToTumo0s6SIzk3Ww=="},{"filename":"Profile.Custom.xtu","signature":"l0V608a862j75ByzJ9kntkwrg+9AXGk7IjYLGKbVt+0aX6gqTWgW7hbCKY6pDFQKwxye1MVSyk7ANVv\/dJeBG19ysph3rqlQ+FB9QokLvTD7V2\/NWqpqe1qo5saivJSgfEVjA8ypdv\/ZRuAU9yYpQlAR9rP82QZqrVZixXixgd9CMTfaBtE0fvN5G70hbjqCv+0Q0PstWhEHdL\/c59V+X0S\/RdxN4JsPWF\/aGDdHRvkyqzdp2spZ\/\/MbryXW6Wf9HKtrALgAQ5eJBE21FCBTnNw\/ko2Xv\/EBbgTsh4n2BYXhdvZNaEALYysrpvS7IYs6fnFhFRToTumo0s6SIzk3Ww=="},{"filename":"Profile.Default.xtu","signature":"Sa74E86+uGKghTIoYXKxhmX8qbVFYH4o5gcX1DTK8ruM\/gX54a5AFh\/R9IAaA3AsrggdPkejZJ1tVAbj0TrOh4IF4zRYI3sSXfcS+lQH2+bwlvrwqbsx2lSF56j03Wfmy2UdaVwqqSEy0dFmA+qaWxs3ZWwF46CUHybu37dCChz+1wdenU+AsVO\/4TX1PlSPG6vxjzpzhrauOhZO10\/qWifcnj+DjVnx1T5Y3nXiE\/Za7412LgaSRJ2lUtcErsxPyGmHrLcrqvwsEDSo1XiIDnV0Pdg85ImBVeoZt5nX0TiJO5ezcEU7NrweUunqlvrdpLFgWPfFSCGy21WXWEq7gg=="}]}