{"signed_files":[{"filename":"Config.json","signature":"Y1H1I2rPuvWEMXtvTJstG1sUmPSVEdA06KUroNrYTWxupVQR1gAC7xkcPp2EfBmtAqCcTdf6k+Qvfv06\/AQrwMGIf\/Xc4QC8kV7E80ym7rPcXzi+gCOAxYp5qJBLFglSer25o3TCs+1KDFXAzx0mzJuiFntoYQwO7mKi6is8v+cwaH4IPKf9xWTiooN8B\/d73PhxPEoBkV2WR4AOxVuUNv4y3Ch4K+cuMb3c1t31yfzAiHihl88fbMqUn6qpJSNWCNh5926v12mqrk51lLE7DW0hhw7CyXrzmtzM3bQ\/XCRhYVYNo\/IKScYZk75yAVtteljIJqCOusg6We62T6RqQg=="},{"filename":"Profile.01.xtu","signature":"nIgq6CR0+qQjDHewHNHQXTqC\/5X7prHpUXNI01RAE\/wHBKDSHyQiTaSKrCwGyXEWrAVU7ZjpD7csbygDUGZ7+E4RySZIogP\/AqEYdZIiA2O7HYfMKqxOLXgI8G5mjFMRIwNlRvracQpV++1TkhcdF17qNTHRftEjGXgG+DQNIv80zpvOAT6fQ3\/O6b7LYEOjanj+kEttT7F+B7C44LiA\/+LJnBPo0zrntaxcBXuYS+aoYvFQDQtO1D5YsrBp8pfDEL0c2ZwMa16AkHmPrfyAHYHuvfewf0hnnmhWEMzIPBjvXhlW0Qs4Kw97e1\/B0+I23Fbq9Ds55Vh09aiYkE2igw=="},{"filename":"Profile.02.xtu","signature":"lgkLg4IQMcMDmTtFUZMT9rqi3tPGLZxX7\/z0mFOezwya8zffNWsTs35wsW2SNUvHmBe5jiLJBuuAfNwbASr\/lraBkAN6LMCufaXfNF6TYxU+\/XyM6DTZpYCVHS95mxX9\/82XFxC0YEAva+tqFNlhzF15uNC2iLYQYd5wwgFK7G2ECyd5gCXT9hwVE0CweZrwnVzs2VshQQwxHlrdgTrs2r4MhMD9F0t8sjz5sy3QQMmCn6V1+OruVEM0vAcewHJ54fD8QDxSf2QvW0KwMJ0JTfj2S09tH7+PJcfqG94956DnnlUoyd\/jvyQFn06esNdtxlVkrSL4y+KnBhVS2ROuJQ=="},{"filename":"Profile.Custom.xtu","signature":"lgkLg4IQMcMDmTtFUZMT9rqi3tPGLZxX7\/z0mFOezwya8zffNWsTs35wsW2SNUvHmBe5jiLJBuuAfNwbASr\/lraBkAN6LMCufaXfNF6TYxU+\/XyM6DTZpYCVHS95mxX9\/82XFxC0YEAva+tqFNlhzF15uNC2iLYQYd5wwgFK7G2ECyd5gCXT9hwVE0CweZrwnVzs2VshQQwxHlrdgTrs2r4MhMD9F0t8sjz5sy3QQMmCn6V1+OruVEM0vAcewHJ54fD8QDxSf2QvW0KwMJ0JTfj2S09tH7+PJcfqG94956DnnlUoyd\/jvyQFn06esNdtxlVkrSL4y+KnBhVS2ROuJQ=="},{"filename":"Profile.Default.xtu","signature":"VD2Y9b1xDgNXh+pIBpZ8AVEsHlkeJwj2vmCqDZphwKlBL2jXO3OvfO7zEoDNLhwHY6OSodKMapSr9tKtzxGPZliwrd61jbip7Vqz8kC7daul0VvtJMiYjN93gVWucOvsYfPPJx4iBO+hAhqzU1Vecs6yY3O6VRKhXqekLq\/9zu1+qCEuSSPpgkJmXpKfMOfzpkWxxrDGXfqFekyEzTsvtgttvhZMDWdDMO2XuUEVKBmmcrBxUUp1Nya8eOjVrdEXOLrbV6MP7Jeuw9GZEnA53B1evP1uEzFw1lR6Jue39NIR2pu\/7DXVEVUT2657t0avvXGrrdVdxbN2Xz6y0g9wMQ=="}]}