{"signed_files":[{"filename":"Config.json","signature":"E1AmJlj0\/1rG0IibjmFM+5gA03RkT0tyKVDNhLZMTQldtRPItfYS9mQ78mD97BKijk021k5XWnPucmKbSt+Qeov3\/LGw6UlkQgLhreyRGDYEgedUHTzdKQYfUE8vAvc4v6PZ1m0NVz9WDGEElLxOSHWJK6VlgRUWZWz9vKufKXGAroFRpvxCEQWmlf3zC5csvbjoeamS1bwl6GRBkR4RCVfo9c2kyA7zhIHJ+z85qh1NjuKH\/rAvaCqYmhYiUHyX2MGZmnRHjTwmNbszgaWRfBg64YeRqDZDyfI+S2xqhaDioqPxBysoNB4JoYZfrBaoyTdSI6SjUqAxSsV1EsbHog=="},{"filename":"Profile.01.xtu","signature":"gHjx1TEeeEgDOxzuKFMkxuDKDH4G\/nz8EG6ITxaiJLbSu+0wzuL8AIv3DKBH4jYk3RaYTFe6xcyXJgEwSwyJXihM2hynRt1uhfVyagzuiD4BK8ulOx+DDS4ICtPjualzXQOvoO9JD5kzmgelOcCnmEFTagCcSSry868jWHW73oio2+WCbGF\/jxsmTe1lrtf78DwggcjJ3KoKMgyT7796or6TKPcjfwn66jd8CZFsPaDJHAcrCa0BaZjFL5LxzG8lX3OyXGwKiVwhpALSGnw1hMXH3MOKnz\/dEjdbF+PXPVMqG+pUWiAHxxTOXIG2VlM3A4KO68VIzsVrnnTh\/YetgA=="},{"filename":"Profile.02.xtu","signature":"NqhkapqXHrk+0i2TFIKX1tjXpF0zfgDn6kFoLja\/RVNsGT\/H44tKCbauYkOneL5ATGQ5sRIBFC1YufOoTiQYSwmx4nkPyiHJlIb2D1+gMVbookseDhLlqApoNgfqB\/EFeyxBI1LshfLjWINJPEo9OLo4EAFDHCLTm+69TZ+1qNRzpQdGD5oTnqrULQW8OOz96nacqqf8+eR6S+abiXKawKxuNQkNIzL77pmRrq3eqeM0znnO78zzM+jp0OjmE9ixiUBQAXp1SHNj3NXM8bV3P9fxWXsK0B9Qwlp+FiF4D81GA5N7f\/PLYUDMnp6iLbqAJyn3FhJ47HYTymEyCTYI2A=="},{"filename":"Profile.Custom.xtu","signature":"NqhkapqXHrk+0i2TFIKX1tjXpF0zfgDn6kFoLja\/RVNsGT\/H44tKCbauYkOneL5ATGQ5sRIBFC1YufOoTiQYSwmx4nkPyiHJlIb2D1+gMVbookseDhLlqApoNgfqB\/EFeyxBI1LshfLjWINJPEo9OLo4EAFDHCLTm+69TZ+1qNRzpQdGD5oTnqrULQW8OOz96nacqqf8+eR6S+abiXKawKxuNQkNIzL77pmRrq3eqeM0znnO78zzM+jp0OjmE9ixiUBQAXp1SHNj3NXM8bV3P9fxWXsK0B9Qwlp+FiF4D81GA5N7f\/PLYUDMnp6iLbqAJyn3FhJ47HYTymEyCTYI2A=="},{"filename":"Profile.Default.xtu","signature":"SlsN6l8BsULY8nBvzAH4Kw6f9irJuHlz524Ew0PfrZmLgPu3KfnWhYThGSBvnc7pEGbAlrdq2m8qi3HE\/tSz58YToiuj5Wr6\/8jV1JtnXYp9XGmI8SM+7beeX+ioQ6Ys2FyY+jP5L9+wuQ5gIZk3kCGQTk\/C\/c9AM4K7tQcARn1OWgEeOJ9M945V2CZE8jR1NQyE0cXpJvq24SRdaT64CMVeCRY0Faq9E+Eexjb3nnAbu4Amup2auMWoQAiDSbIS9ZqLz1IyaQ\/k0ZJHUFxJZP2WIK9ns3b2pZXlTEGFkOJvK2hWMNJLg16He6bBnYAw18nwKdYSSuJ4jfjhCR8ZdA=="}]}