{"all-installer-experiments":["installer-experiment-test@2","installer-hide-from-program-and-features@2","installer-pref-default-overrides-support@1","installer-support-x64-download@1"],"autoupdate":true,"enable_stats":true,"import_browser_data":true,"installer-experiments":[],"language":"zh-CN","single_profile":true,"welcome-url":"http://redir.opera.com/www.opera.com/firstrun/?utm_source=addons_opera_com_via_opera_com&utm_campaign=computer_internal_promo_via_opera_com&utm_content=addons_non_opera_promo_box&utm_medium=ip&http_referrer=http%3A%2F%2Fwww.opera.com%2Fzh-cn%2Fcomputer%2Fthanks%3Fni%3Dstable%26os%3Dwindows&query=%2Fopera%2Fstable%2Fwindows%3Fhttp_referrer%3Dmissing_via_opera_com%26utm_source%3Daddons_opera_com_via_opera_com%26utm_medium%3Dip%26utm_campaign%3Dcomputer_internal_promo_via_opera_com%26utm_content%3Daddons_non_opera_promo_box"}