{"signed_files":[{"filename":"Config.json","signature":"EACr7Y6jAlIzrW9E4RYt72FvaCOobArlSlOzV4otwPNyGlZdTH\/KvhWtemG8bmMQGZzFnC1C3suU0+\/LcPU3Ee8bt+m2hV3Vv7NW22u\/jJ\/G6z3otPXehIEW24LyO+8y\/uW8kzG4bQdJrX2NzNYdqPRh+1K1Gbj++1ulG+qEZZI7hyKC3B5lZnm\/G3HzxZOoLUUtEoYWvbZWyXWKEZK2hKZBVg\/ZmrVjMJo3JvdYQ9NmvgT6Ik6WY7jRYlCCUkM0RZ9q4hAJ0OMak81liz5TWL6P06QsWQ6QIuKNBnYBYcjeV0ueJMUs+gU0gWUXF4T2EhCiQ2alnEjUYCLpg3QX8A=="},{"filename":"Profile.01.xtu","signature":"AJ6Z9d9PSs7r6nMRPOCLmRvgyka5SrgLXP1daNGG4BI+2NEUoZJOuwWMJhdgXnOsf5D5lcSXO+FnK2SWS1ojfAOD0sUM1PL7+qWFsIGFTWMoY+A\/LISGe7WzKMnCabLLGgSnLWod5saz6xUC1B63FHXnImE5sFdiuPQYhXvQoV0Yw84HVt29G0t5RkYuQiExDdIPxRMQGgjfvAMiAvuyt0OaxtI5AMRPILdpXaqDZcW5j33lxcZREUni+N3qeuGnYy8DWl9ZJ\/lNOXNW9m8scfl\/iiaezK4mcQgXcVmoE3dZkFqA9B0YbED1FHIY5csVcxL2KmICvjUlsPnZJtsVpA=="},{"filename":"Profile.02.xtu","signature":"aehpuqpzkYdVCDU0On2zvC4Ze6NpwpRUNXFZ5cEnkWylP1lj\/acB1UebRaAdRSFuoQeSrjG8wPqScxd2Kkr5MiTMUubvm3IXhKUCF2tMrJJi52KQ1IVmKzBswusW3ljtupEQyCfAfd0+MuK5FrqUGVJ\/1oAcFH5hC8DlJVZnsPb5CxRJjOW4ty0fJk8\/CHvGyolLqiFF1T0h7AvU\/7ViYX2DKHhP2Kw3yOsqW2vCsImBpdJPOI\/ljj\/hfbSG6YD9m4LTsLjFbveq84dq2w5rilddXxGVVeN6Iuj5V\/Yd2uPCCxbiVtD3P6NlnW\/eKc3gBxWox9YvCR34datnnfoz7w=="},{"filename":"Profile.Custom.xtu","signature":"aehpuqpzkYdVCDU0On2zvC4Ze6NpwpRUNXFZ5cEnkWylP1lj\/acB1UebRaAdRSFuoQeSrjG8wPqScxd2Kkr5MiTMUubvm3IXhKUCF2tMrJJi52KQ1IVmKzBswusW3ljtupEQyCfAfd0+MuK5FrqUGVJ\/1oAcFH5hC8DlJVZnsPb5CxRJjOW4ty0fJk8\/CHvGyolLqiFF1T0h7AvU\/7ViYX2DKHhP2Kw3yOsqW2vCsImBpdJPOI\/ljj\/hfbSG6YD9m4LTsLjFbveq84dq2w5rilddXxGVVeN6Iuj5V\/Yd2uPCCxbiVtD3P6NlnW\/eKc3gBxWox9YvCR34datnnfoz7w=="},{"filename":"Profile.Default.xtu","signature":"bGeWtamjrd4sy4zUfNnC\/3h0pT1PxwE9k7Oe2AI\/n8FurOPqbs1+PncaGKJIVxubuC6uKCvHeQfbnGUYsQOrwJwfvwYOWYZxdem5Mngpwp8elneJsxZYii+Jv6DX1f5WJ46ZFdK72NAd1H4yq2Yys+eAb4pm+OCSmy\/RFSCAsJKoTrIOVfrUbuoQBElT3IVxdvHQhBEZPj00u\/9vHqv3GsxQ1EtrB+ijuWbN2OoGJv77QEGVoeJckqzZJbk0B6Op4zek0cTS7qseBDCFuiBwBnUV\/PKdtzjsXXjFwG23ESEMl9uozzw0AWJD+KZVG2foBk10f9Oe\/0wQXnV+OMIzig=="}]}