{"signed_files":[{"filename":"Config.json","signature":"ffM611U1RtZ2AqcOFQQPGPLY+bmLbuuUPAR+grMI8jpuiwHtty1MCTllqY2fMKp0AbxIgpWyxSA\/qj67mzT5glzfuOz\/w8ggfwaTwByJaB3yY\/NuTRjJtQFQY8M7D+hWTQWOA0kVXCa9g48FrhaREAUfcjzPzTEHkLS2Fy5E\/uvOLgdToDFwHKU53TdKzCwJg4+1KyQB2Z+J5lZqqoR+tBzHz213HM1h2RbbFRRVU1Iv1fE72uirIv40rxYb6Y+j1BhQWGCm0I7pNyHpRWZkGXQk71BUth0L8TEX5BEe9UbnjP+wOoX6VPV3B3BbZ2S4I2Dpw8YcInOEabAT2x2ppA=="},{"filename":"Profile.01.xtu","signature":"GsqgFHvwKO8mAwtO18bj0x0TMGKfExfJUaXI\/z7pglPGMW179CMT2xwCAqDntcoYNE4UV+S+\/duu+iHUI0IbMHbrWCLGUEQx4ZsVXIFlZO3KLZ7HnJZHsQHp\/fwLm0iZh1avO9ZWR8uars81Lk5Y5wNSUye8qFRQ4cgCzaRCZ0lmLk0Q8l7iWecoKPvFuDo8\/ehgqk990unU0HLLglRAcTdgG3u9ZtQInmufRogUCFvHYIcEAmHG46Qzp8Jyc23r5lNgpm\/B1UTzxOsifq4IHIaIhJ5W4lpoHuuSwsLmE0B8xgmCiJHKRetpJmS+WtXdOjZWMKadny80MaJx6boqzQ=="},{"filename":"Profile.02.xtu","signature":"CLGKWWTwhU5KMmVsewz9LXi\/ZAk2yLCqx\/tXBauqc\/kzTvhfhnDCPrmG9V5diod0Is0jk2+nNR+3lwTzWtf2DQvt9s9kedSfHc74coGa\/DW\/7X98y2svHHL5GRxVAbektThuwooG7Zw\/vcsb\/u8h+2lKADnokr3wuYBf\/z\/m+jNR39spbnNrFd2EFrUBO+6Jwho6OMmQnbadwBd+Z0DdGEolwM0qkPoBNFvFKJUp+QEmiHzo0rzBQ4PdHRNSteKvEVkcWpD92XRjQjSVU1JN0LWkTaSYLCKvog99Ft3UeGk1s3xKcYTUOLeKHSevqdL3kE5J72bNeIbU3k0OR\/PG2Q=="},{"filename":"Profile.Custom.xtu","signature":"CLGKWWTwhU5KMmVsewz9LXi\/ZAk2yLCqx\/tXBauqc\/kzTvhfhnDCPrmG9V5diod0Is0jk2+nNR+3lwTzWtf2DQvt9s9kedSfHc74coGa\/DW\/7X98y2svHHL5GRxVAbektThuwooG7Zw\/vcsb\/u8h+2lKADnokr3wuYBf\/z\/m+jNR39spbnNrFd2EFrUBO+6Jwho6OMmQnbadwBd+Z0DdGEolwM0qkPoBNFvFKJUp+QEmiHzo0rzBQ4PdHRNSteKvEVkcWpD92XRjQjSVU1JN0LWkTaSYLCKvog99Ft3UeGk1s3xKcYTUOLeKHSevqdL3kE5J72bNeIbU3k0OR\/PG2Q=="},{"filename":"Profile.Default.xtu","signature":"UGDJOjz6MitcmoUIEUXTQ+mOzMSkOoQlJoK4ASes9xZNj52fAwKvhXT9\/48whPqc7bq7gyTNlx35Ic6S52YZuQgEsqERZsfWz5Y3jEfPse58idm0RdfcyfXs1uRSD5aTA2wPdi1Heb7gTgwDhNsr65Rl4B78ZzJXLOxLYv+hzA6ygzJId5hEmWnI2G43UaJfSj4EZjt\/6vhUimQHTSuiq0Xb\/OrbcCsXobODUaLSMCaVhG2cJDuR3SA04rKMRFO\/FyBfW0EPJ\/DBpQVfyx7HIv2gfQAm+ymL4FzSxvxwfd4qKE\/soIIUm0TRcEOmxpQtOFKoTmI8kEZZ9LdDbkLAXQ=="}]}