{"signed_files":[{"filename":"Config.json","signature":"YeR4x8C8RTBEDjAzh37yiYbeSyN2S5u78fkfA0QpsnztKo3Ww+jrWtm5t7EqvP\/haCSU9bwRCYGzQ9c6wSFS0mOHmGN7e5JQI6EToAfdz0kmxdiM6oaCXGHtPUFwlhZQR7EsK5TMK+ubZ0HXb3mmQGgU28ZZeFaL\/HvaW\/TW2sKBlnzmHe2tc3VSJagcF+4\/++H+5R1Vp1y8db+4U2SghSUHbne5x474RmBuR5Eni9fgOP03rCu6Lsxvayd4bhItA3J5Ohu+rNLvt1kyXNtHEuuw8KOc96BrIXPqFc6yY2A6IDNvM7iTXoj6MHSrEwGxoOTPOP85ndfCqYZXTucdMw=="},{"filename":"Profile.01.xtu","signature":"KhShjiBt\/kdceowx9ThXn8SUH1XtxoAfL3ENHvmVjJA\/vjHr\/uS3T3qPVITVS7ZKm5bhKfiqaYh+rHTNncFVcwfSASETmcvrltQQkiLl5FO8m8JQ3on9s3wIlzu8ZLi1Pb1JFxVjs+tHSdrqmzEgKTpDw0YDuKjFCMXPenr0n3KUj51PvzfwvAE1qRcFbcadYBQ4jiUUo\/zdHnctwcPKi2pgdM2aTUQgWvhZz582F3JxTkS9AbjX6GuimrsMMZ5YTtX+O9JYoO\/P5TWSq2WeGrEK4UVWqz9pRnRCIHPzjqEejv9tVH0EFeVsDd4CHmfXOMgIEQ6ONff9FJ9iYKZtYA=="},{"filename":"Profile.02.xtu","signature":"SgzTZV42g71JvwY973SjLwj\/XswBCUYnJKMhHDlTv8AriV\/185rSNYND7seIcWjE68PyiQKv89o3dV7q4egCGcwYfeavkhFJo\/5pgs6CbA7M1WD6OxIXBLRXZYvI\/2eJVSDydWt+iGgZBiYZSEaumT4tfQzIQNIRpfGS3lEE+AIR8hDfpAc0lx+tHsPnb+Og\/aefyt5p1L2mVB8kWVTf3F9SMft92OWK0sNf6qwWBNBRhN\/nhwea5xSrSvhcecEWspyAacOtVdbDs2Ux8\/ot8ALiFFJMt+Z0OEh0fdtEY7lHhqXUJSEP+QOxXV+C3KcVW\/go9sQM95XnQGsasENzKQ=="},{"filename":"Profile.Custom.xtu","signature":"SgzTZV42g71JvwY973SjLwj\/XswBCUYnJKMhHDlTv8AriV\/185rSNYND7seIcWjE68PyiQKv89o3dV7q4egCGcwYfeavkhFJo\/5pgs6CbA7M1WD6OxIXBLRXZYvI\/2eJVSDydWt+iGgZBiYZSEaumT4tfQzIQNIRpfGS3lEE+AIR8hDfpAc0lx+tHsPnb+Og\/aefyt5p1L2mVB8kWVTf3F9SMft92OWK0sNf6qwWBNBRhN\/nhwea5xSrSvhcecEWspyAacOtVdbDs2Ux8\/ot8ALiFFJMt+Z0OEh0fdtEY7lHhqXUJSEP+QOxXV+C3KcVW\/go9sQM95XnQGsasENzKQ=="},{"filename":"Profile.Default.xtu","signature":"gmqEmnBCCRMfi+eL3Fo2NsvF11tQpK9bWVM5osrTZnMgjNI3qgJL1EDKyeXJ4ZcCF8\/oQHmdR32Ev0lziuPj0nhEMf6CFUIyBgQIlSEcNMTDWqhmFYq+zJ22yicSLmPEoHawKBtgljgdBMM48uwmrAXW7Yzc6PHZ4RpfgsJ4dKKpAMk1GCFvdBN6FW9JwDaCHBd\/3PsWk2K9ZkIUxBFaSatPKlmbqn1QXXAr5x3m0dnreheBmp+HYAj\/cE\/ilFjlsFYjNq3Pcf6BLY+bnU0x5SihucDPWYwpnHd3eC7mH+xc2eX0CMyy12vrAb8xatSqL8Qq5DLhATMsTv2wpwnSjw=="}]}