<?xml version="1.0" encoding="UTF-8"?>
<oau:versioncheck xmlns:oau="urn:OperaAutoupdate" version="1.0"><resources><downloadurl>http://www.opera.com/download</downloadurl></resources><setting><file>Opera6.ini</file><section>Network</section><key>IDNA White List</key><data>:no:jp:de:se:kr:tw:cn:at:dk:ch:li:museum:hu:</data></setting><setting><file>operaprefs.ini</file><section>User Prefs</section><key>Region Locale</key><data>zh-cn</data></setting><setting><file>operaprefs.ini</file><section>Auto Update</section><key>Update Check Interval</key><data>259200</data></setting><setting><file>operaprefs.ini</file><section>Auto Update</section><key>Throttle Level</key><data>0</data></setting><setting><file>operaprefs.ini</file><section>Auto Update</section><key>Country Code</key><data>CN</data></setting><setting><file>operaprefs.ini</file><section>Security Prefs</section><key>Enable SSL v3</key><data>0</data></setting><setting><file>operaprefs.ini</file><section>Security Prefs</section><key>Enable TLS v1.0</key><data>1</data></setting></oau:versioncheck>
