<?xml version="1.0" encoding="UTF-8"?>
<dictionaries version="58"><dictionary id="el"><name>Ελληνικά</name><size>1588813</size><authors>Steve Stavropoulos, Evripidis Papakostas, Vryonis Panayotis, Mitalas, Seraskeris, Voula Sanida</authors><license>http://get.geo.opera.com/res/dictionary/licenses/gpl_2.txt</license></dictionary><dictionary id="hi"><name>हिन्दी</name><size>69764</size><authors> The janabhaaratii Team, László Németh</authors><license>http://get.geo.opera.com/res/dictionary/licenses/gpl_2.txt</license></dictionary><dictionary id="ar"><name>العربية</name><size>319699</size><authors>Mohamed Kebdani</authors><license>http://get.geo.opera.com/res/dictionary/licenses/lgpl_2_1.txt</license></dictionary><dictionary id="he"><name>עִבְרִית</name><size>815706</size><authors>Nadav Har'El, Dan Kenigsberg, Amit Dovev</authors><license>http://get.geo.opera.com/res/dictionary/licenses/gpl_2.txt</license></dictionary><dictionary id="cs"><name>Český</name><size>620738</size><authors>Karel Pala, Jan Všianský, Pavel Janík</authors><license>http://get.geo.opera.com/res/dictionary/licenses/gpl_2.txt</license></dictionary><dictionary id="tr"><name>Türkçe</name><size>3342614</size><authors/><license>http://get.geo.opera.com/res/dictionary/licenses/no_license.txt</license></dictionary><dictionary id="lv"><name>Latviešu</name><size>845629</size><authors>Janis Eisaks</authors><license>http://get.geo.opera.com/res/dictionary/licenses/gpl_2.txt</license></dictionary><dictionary id="pt"><name>Português (Portugal)</name><size>232799</size><authors>Jose Joao de Almeida, Rui Vilela, Alberto Simőes</authors><license>http://get.geo.opera.com/res/dictionary/licenses/gpl_2.txt</license></dictionary><dictionary id="es-LA"><name>Español (América)</name><size>333482</size><authors>Santiago Bosio</authors><license>http://get.geo.opera.com/res/dictionary/licenses/lgpl_3.txt</license></dictionary><dictionary id="fr"><name>Français</name><size>282367</size><authors>Olivier R.</authors><license>http://get.geo.opera.com/res/dictionary/licenses/lgpl_2_1.txt</license></dictionary><dictionary id="th"><name>ภาษาไทย</name><size>165094</size><authors>NECTEC, Sila Chunwijitra</authors><license>http://get.geo.opera.com/res/dictionary/licenses/lgpl_2_1.txt</license></dictionary><dictionary id="hy"><name>Հայերեն</name><size>453875</size><authors>Alan Baghumian, Arthur Serkis</authors><license>http://get.geo.opera.com/res/dictionary/licenses/gpl_2.txt</license></dictionary><dictionary id="kk"><name>Қазақ тілі</name><size>231925</size><authors>Akmaral Mussayeva, Kaldybai Bektaiuly, László Németh, Rail Aliev, Alexey Lipchansky</authors><license>http://get.geo.opera.com/res/dictionary/licenses/gpl_2.txt</license></dictionary><dictionary id="es-AR"><name>Español (Argentina)</name><size>316975</size><authors>Santiago Bosio</authors><license>http://get.geo.opera.com/res/dictionary/licenses/lgpl_3.txt</license></dictionary><dictionary id="da"><name>Dansk</name><size>567808</size><authors>Foreningen for frit tilgængelige sprogværktøjer</authors><license>http://get.geo.opera.com/res/dictionary/licenses/lgpl_2_1.txt</license></dictionary><dictionary id="sv"><name>Svenska</name><size>263025</size><authors>Tom Westerberg, Göran Andersson</authors><license>http://get.geo.opera.com/res/dictionary/licenses/lgpl_2_1.txt</license></dictionary><dictionary id="gd"><name>Gàidhlig</name><size>479598</size><authors>Am Faclair Beag, Kevin Scannell</authors><license>http://get.geo.opera.com/res/dictionary/licenses/gpl_3.txt</license></dictionary><dictionary id="de-CH"><name>Deutsch (Schweiz)</name><size>819781</size><authors>Franz Michael Baumann, Bjoern Jacke</authors><license>http://get.geo.opera.com/res/dictionary/licenses/gpl_3.txt</license></dictionary><dictionary id="sh"><name>Srpskohrvatski</name><size>550035</size><authors>Miloš Popović, Goran Rakić, Aleksandar Urošević, Dejan Muhamedagić</authors><license>http://get.geo.opera.com/res/dictionary/licenses/lgpl_3.txt</license></dictionary><dictionary id="sl"><name>Slovenščina</name><size>1195206</size><authors>Amebis, d.o.o., Toma"z Erjavec, Ale"s Ko"sir, Primo"z Peterlin, Robert Ludvik</authors><license>http://get.geo.opera.com/res/dictionary/licenses/lgpl_2_1.txt</license></dictionary><dictionary id="en-US"><name>English (US)</name><size>260423</size><authors>Kevin Atkinson, Geoff Kuenning</authors><license>http://get.geo.opera.com/res/dictionary/en-us/license.txt</license></dictionary><dictionary id="bg"><name>Български</name><size>266409</size><authors>Radostin Radnev</authors><license>http://get.geo.opera.com/res/dictionary/licenses/gpl_2.txt</license></dictionary><dictionary id="nl"><name>Nederlands</name><size>637279</size><authors>OpenTaal, Simon Brouwer e.a., Nederlandstalige Tex Gebruikersgroep, R. Baars</authors><license>http://get.geo.opera.com/res/dictionary/licenses/nl/license.txt</license></dictionary><dictionary id="ru"><name>Русский</name><size>522288</size><authors>Alexander Lebedev</authors><license>http://get.geo.opera.com/res/dictionary/licenses/ru/license.txt</license></dictionary><dictionary id="es-MX"><name>Español (Mexico)</name><size>294557</size><authors>Santiago Bosio, J. Eduardo Moreno</authors><license>http://get.geo.opera.com/res/dictionary/licenses/lgpl_2_1.txt</license></dictionary><dictionary id="fy"><name>Frysk</name><size>141553</size><authors>Eeltje de Vries, Kevin P. Scannell</authors><license>http://get.geo.opera.com/res/dictionary/licenses/gpl_2.txt</license></dictionary><dictionary id="uk"><name>Українська</name><size>457306</size><authors>Vladimir Yakovchuk, Oleg Podgurniy, Dmytro Kovalyov, Maksym Polyakov, Andriy Rysin, Valentyn Solomko, Volodymyr M. Lisivka, Eugeniy Meshcheryakov</authors><license>http://get.geo.opera.com/res/dictionary/licenses/lgpl_2_1.txt</license></dictionary><dictionary id="it"><name>Italiano</name><size>415826</size><authors>Gianluca Turconi, Davide Prina</authors><license>http://get.geo.opera.com/res/dictionary/it/license.txt</license></dictionary><dictionary id="mk"><name>Македонски</name><size>645771</size><authors>Taras Bendik</authors><license>http://get.geo.opera.com/res/dictionary/licenses/gpl_2.txt</license></dictionary><dictionary id="es-ES"><name>Español (España)</name><size>318167</size><authors>Santiago Bosio</authors><license>http://get.geo.opera.com/res/dictionary/licenses/gpl_3.txt</license></dictionary><dictionary id="et"><name>Eesti</name><size>890501</size><authors>Jaak Pruulmann</authors><license>http://get.geo.opera.com/res/dictionary/licenses/lgpl_2_1.txt</license></dictionary><dictionary id="ta"><name>தமிழ</name><size>63930</size><authors>S. Muguntharaj (முகுந்தராஜ்),  Elanjelian (இளஞ்செழியன்), Radhakrishnan (ராதாகிருஷ்ணன்), Vijay (விஜய்),  ThamiZha</authors><license>http://get.geo.opera.com/res/dictionary/licenses/gpl_2.txt</license></dictionary><dictionary id="hr"><name>Hrvatski</name><size>757111</size><authors/><license>http://get.geo.opera.com/res/dictionary/licenses/lgpl_3.txt</license></dictionary><dictionary id="hu"><name>Magyar</name><size>716680</size><authors>László Németh, Ferenc Godó</authors><license>http://get.geo.opera.com/res/dictionary/licenses/gpl_2.txt</license></dictionary><dictionary id="en-ZA"><name>English (South Africa)</name><size>289312</size><authors>David Bartlett, Andrew Brown, Brian Kelk</authors><license>http://get.geo.opera.com/res/dictionary/licenses/lgpl_2_1.txt</license></dictionary><dictionary id="ca"><name>Català</name><size>354009</size><authors>Joan Moratinos</authors><license>http://get.geo.opera.com/res/dictionary/licenses/gpl_2.txt</license></dictionary><dictionary id="sr"><name>Српски</name><size>651610</size><authors>Милош Поповић, Горан Ракић, Александар Урошевић, Горан Ракић, Дејан Мухамедагић </authors><license>http://get.geo.opera.com/res/dictionary/licenses/lgpl_3.txt</license></dictionary><dictionary id="de-AT"><name>Deutsch (Österreich)</name><size>821141</size><authors>Franz Michael Baumann, Bjoern Jacke</authors><license>http://get.geo.opera.com/res/dictionary/licenses/gpl_3.txt</license></dictionary><dictionary id="eu"><name>Euskara</name><size>483897</size><authors>Eleka Ingeniaritza Linguistikoa S.L.</authors><license>http://get.geo.opera.com/res/dictionary/licenses/gpl_2.txt</license></dictionary><dictionary id="ro"><name>Română</name><size>540468</size><authors>Adrian Stoica, Lucian Constantin, Cătălin Frâncu, Mircea and Luiza Seche, Alexandru Szasz, Ionuț Păduraru, Nicu Buculei, Ionel Mugurel Ciobică, Mihai Budiu</authors><license>http://get.geo.opera.com/res/dictionary/ro/license.txt</license></dictionary><dictionary id="sk"><name>Slovenčina</name><size>657502</size><authors>Tibor Bako, Zdenko Podobný, Jana Chlebíková</authors><license>http://get.geo.opera.com/res/dictionary/licenses/lgpl_2_1.txt</license></dictionary><dictionary id="id"><name>Bahasa Indonesia</name><size>124655</size><authors>Benitius Brevoort, Kurniadi, Volker Mueller, Arno J.J. Brevoort</authors><license>http://get.geo.opera.com/res/dictionary/licenses/gpl_2.txt</license></dictionary><dictionary id="vi"><name>Tiếng Việt</name><size>24044</size><authors>Ivan Garcia, Nguyễn Xuân Minh</authors><license>http://get.geo.opera.com/res/dictionary/licenses/gpl_2.txt</license></dictionary><dictionary id="la"><name>Latina</name><size>160100</size><authors>Karl Zeiler, Jean-Pierre Sutto</authors><license>http://get.geo.opera.com/res/dictionary/licenses/gpl_2.txt</license></dictionary><dictionary id="de"><name>Deutsch</name><size>820320</size><authors>Franz Michael Baumann, Bjoern Jacke</authors><license>http://get.geo.opera.com/res/dictionary/licenses/gpl_3.txt</license></dictionary><dictionary id="en-GB"><name>English (UK)</name><size>259340</size><authors>David Bartlett, Andrew Brown, Brian Kelk</authors><license>http://get.geo.opera.com/res/dictionary/licenses/lgpl_2_1.txt</license></dictionary><dictionary id="nb"><name>Norsk Bokmål</name><size>1340347</size><authors>The spell-norwegian project</authors><license>http://get.geo.opera.com/res/dictionary/licenses/gpl_2.txt</license></dictionary><dictionary id="lt"><name>Lietuvių</name><size>362668</size><authors>Albertas Agejevas</authors><license>http://get.geo.opera.com/res/dictionary/licenses/lt/license.txt</license></dictionary><dictionary id="af"><name>Afrikaans</name><size>609948</size><authors>Bernard A Nieuwoudt, Danie Viljoen, Dwayne Bailey</authors><license>http://get.geo.opera.com/res/dictionary/licenses/lgpl_2_1.txt</license></dictionary><dictionary id="pl"><name>Polski</name><size>1147630</size><authors>Marcin Miłkowski, Hanna Kołodziejska, Bogusław Jackowski, Marek Ryćko, Mariusz Olka, Artur Polaczyński</authors><license>http://get.geo.opera.com/res/dictionary/licenses/lgpl_2_1.txt</license></dictionary><dictionary id="nn"><name>Nynorsk</name><size>848200</size><authors>The spell-norwegian project</authors><license>http://get.geo.opera.com/res/dictionary/licenses/gpl_2.txt</license></dictionary><dictionary id="pt-BR"><name>Português (Brasil)</name><size>1318377</size><authors>Raimundo Santos Moura</authors><license>http://get.geo.opera.com/res/dictionary/licenses/lgpl_2_1.txt</license></dictionary><dictionary id="lb"><name>Lëtzebuergesch</name><size>244681</size><authors>Michel Weimerskirch</authors><license>http://get.geo.opera.com/res/dictionary/licenses/eupl_1_1.txt</license></dictionary></dictionaries>
