<?xml version="1.0" encoding="UTF-8"?>
<?watermark value="61b596e2338827567bf39bd1d9b883b0"?>
<ProfileOfSystem>
	<Classification Prompt="服务券商">
		<ITEM ClassificationName="中航证券" QsTag="中航证券">
			<Misc>
				<Option SwapCombo="0" ColorYzm="1" ZJZHMaxLen="12" MustDigitPwd="0" MustAccountLen="0" MaxAccountLen="0" AqfsCombo="0" UrlApplyAuthPass="" UrlModifyAuthPass="" HasCXMode="0" AuthPassInfo="" VipXMB="0" MustTXMM="0" FilterHostType="9" ZHListShowYYB="0" ForbidSaveZH="0"/>
			</Misc>
			<Site>
				<ITEM Name="中航证券深圳电信" Address="61.144.205.106" Port="7708" Weight="0" TradVer="NO" HostType="0" yybids="" areas=""/>
				<ITEM Name="中航证券深圳联通" Address="58.251.8.106" Port="7708" Weight="0" TradVer="NO" HostType="0" yybids="" areas=""/>
				<ITEM Name="中航证券深圳移动" Address="120.234.42.44" Port="7708" Weight="0" TradVer="NO" HostType="0" yybids="" areas=""/>
				<ITEM Name="中航证券南昌电信" Address="117.40.140.130" Port="7708" Weight="0" TradVer="NO" HostType="0" yybids="" areas=""/>
				<ITEM Name="中航证券南昌联通" Address="220.248.217.2" Port="7708" Weight="0" TradVer="NO" HostType="0" yybids="" areas=""/>
				<ITEM Name="中航证券南昌移动" Address="120.203.65.221" Port="7708" Weight="0" TradVer="NO" HostType="0" yybids="" areas=""/>
				<ITEM Name="中航证券杭州电信" Address="115.236.67.67" Port="7708" Weight="0" TradVer="NO" HostType="0" yybids="" areas=""/>
				<ITEM Name="中航证券杭州网通" Address="218.108.9.99" Port="7708" Weight="0" TradVer="NO" HostType="0" yybids="" areas=""/>
				<ITEM Name="中航证券杭州联通" Address="123.157.216.117" Port="7708" Weight="0" TradVer="NO" HostType="0" yybids="" areas=""/>
				<ITEM Name="中航证券昆明电信" Address="112.112.17.100" Port="7708" Weight="0" TradVer="NO" HostType="0" yybids="" areas=""/>
				<ITEM Name="中航证券昆明联通" Address="221.213.37.196" Port="7708" Weight="0" TradVer="NO" HostType="0" yybids="" areas=""/>
				<ITEM Name="中航证券北京站一" Address="124.207.13.76" Port="7708" Weight="0" TradVer="NO" HostType="0" yybids="" areas=""/>
				<ITEM Name="中航证券北京站二" Address="211.103.195.16" Port="7708" Weight="0" TradVer="NO" HostType="0" yybids="" areas=""/>
			</Site>
			<VipSite/>
			<LoginMode>
				<ITEM AccountType="8" Prompt="资金帐号" HostType="0"/>
				<ITEM AccountType="0" Prompt="深Ａ股东" HostType="0"/>
				<ITEM AccountType="1" Prompt="沪Ａ股东" HostType="0"/>
				<ITEM AccountType="2" Prompt="深Ｂ股东" HostType="0"/>
				<ITEM AccountType="3" Prompt="沪Ｂ股东" HostType="0"/>
				<ITEM AccountType="12" Prompt="三板Ａ股" HostType="0"/>
				<ITEM AccountType="13" Prompt="三板美元" HostType="0"/>
				<ITEM AccountType="14" Prompt="三板港币" HostType="0"/>
			</LoginMode>
			<SecurityMode>
				<ITEM SecurityType="0" Prompt="验证码"/>
				<ITEM SecurityType="3" Prompt="动态口令"/>
			</SecurityMode>
			<Branch>
				<ITEM ID="1" AutoFill="0" Name="深圳营业部" NoPrefix="0" HostType="0" Prefix="0001"/>
				<ITEM ID="2" AutoFill="0" Name="上海营业部" NoPrefix="0" HostType="0" Prefix="0002"/>
				<ITEM ID="3" AutoFill="0" Name="武汉营业部" NoPrefix="0" HostType="0" Prefix="0003"/>
				<ITEM ID="4" AutoFill="0" Name="天津营业部" NoPrefix="0" HostType="0" Prefix="0004"/>
				<ITEM ID="5" AutoFill="0" Name="南昌营业部" NoPrefix="0" HostType="0" Prefix="0005"/>
				<ITEM ID="6" AutoFill="0" Name="上饶营业部" NoPrefix="0" HostType="0" Prefix="0006"/>
				<ITEM ID="7" AutoFill="0" Name="吉安营业部" NoPrefix="0" HostType="0" Prefix="0007"/>
				<ITEM ID="8" AutoFill="0" Name="景德镇营业部" NoPrefix="0" HostType="0" Prefix="0008"/>
				<ITEM ID="9" AutoFill="0" Name="泉州营业部" NoPrefix="0" HostType="0" Prefix="0009"/>
				<ITEM ID="10" AutoFill="0" Name="宜春营业部" NoPrefix="0" HostType="0" Prefix="0010"/>
				<ITEM ID="11" AutoFill="0" Name="丰城营业部" NoPrefix="0" HostType="0" Prefix="0011"/>
				<ITEM ID="12" AutoFill="0" Name="赣州营业部" NoPrefix="0" HostType="0" Prefix="0012"/>
				<ITEM ID="15" AutoFill="0" Name="九江营业部" NoPrefix="0" HostType="0" Prefix="0015"/>
				<ITEM ID="16" AutoFill="0" Name="萍乡营业部" NoPrefix="0" HostType="0" Prefix="0016"/>
				<ITEM ID="20" AutoFill="0" Name="重庆营业部" NoPrefix="0" HostType="0" Prefix="0020"/>
				<ITEM ID="21" AutoFill="0" Name="西安营业部" NoPrefix="0" HostType="0" Prefix="0021"/>
				<ITEM ID="22" AutoFill="0" Name="南阳营业部" NoPrefix="0" HostType="0" Prefix="0022"/>
				<ITEM ID="23" AutoFill="0" Name="北京营业部" NoPrefix="0" HostType="0" Prefix="0023"/>
				<ITEM ID="24" AutoFill="0" Name="杭州营业部" NoPrefix="0" HostType="0" Prefix="0024"/>
				<ITEM ID="25" AutoFill="0" Name="昆明营业部" NoPrefix="0" HostType="0" Prefix="0025"/>
				<ITEM ID="26" AutoFill="0" Name="郑州中原路营业部" NoPrefix="0" HostType="0" Prefix="0026"/>
				<ITEM ID="27" AutoFill="0" Name="郑州嵩山路营业部" NoPrefix="0" HostType="0" Prefix="0027"/>
				<ITEM ID="28" AutoFill="0" Name="南昌红谷滩营业部" NoPrefix="0" HostType="0" Prefix="0028"/>
				<ITEM ID="29" AutoFill="0" Name="厦门营业部" NoPrefix="0" HostType="0" Prefix="0029"/>
				<ITEM ID="30" AutoFill="0" Name="抚州营业部" NoPrefix="0" HostType="0" Prefix="0030"/>
				<ITEM ID="31" AutoFill="0" Name="烟台营业部" NoPrefix="0" HostType="0" Prefix="0031"/>
				<ITEM ID="32" AutoFill="0" Name="柳州营业部" NoPrefix="0" HostType="0" Prefix="0032"/>
				<ITEM ID="33" AutoFill="0" Name="兰州营业部" NoPrefix="0" HostType="0" Prefix="0033"/>
				<ITEM ID="34" AutoFill="0" Name="南通营业部" NoPrefix="0" HostType="0" Prefix="0034"/>
				<ITEM ID="35" AutoFill="0" Name="鞍山营业部" NoPrefix="0" HostType="0" Prefix="0035"/>
				<ITEM ID="36" AutoFill="0" Name="新余营业部" NoPrefix="0" HostType="0" Prefix="0036"/>
				<ITEM ID="37" AutoFill="0" Name="鹰潭营业部" NoPrefix="0" HostType="0" Prefix="0037"/>
				<ITEM ID="38" AutoFill="0" Name="共青城营业部" NoPrefix="0" HostType="0" Prefix="0038"/>
				<ITEM ID="39" AutoFill="0" Name="乐平营业部" NoPrefix="0" HostType="0" Prefix="0039"/>
				<ITEM ID="40" AutoFill="0" Name="德兴营业部" NoPrefix="0" HostType="0" Prefix="0040"/>
				<ITEM ID="41" AutoFill="0" Name="余干营业部" NoPrefix="0" HostType="0" Prefix="0041"/>
				<ITEM ID="42" AutoFill="0" Name="南昌高新区营业部" NoPrefix="0" HostType="0" Prefix="0042"/>
				<ITEM ID="43" AutoFill="0" Name="南昌县营业部" NoPrefix="0" HostType="0" Prefix="0043"/>
				<ITEM ID="44" AutoFill="0" Name="周口营业部" NoPrefix="0" HostType="0" Prefix="0044"/>
				<ITEM ID="45" AutoFill="0" Name="枣阳营业部" NoPrefix="0" HostType="0" Prefix="0045"/>
				<ITEM ID="46" AutoFill="0" Name="洛阳营业部" NoPrefix="0" HostType="0" Prefix="0046"/>
				<ITEM ID="47" AutoFill="0" Name="平顶山营业部" NoPrefix="0" HostType="0" Prefix="0047"/>
				<ITEM ID="48" AutoFill="0" Name="南康营业部" NoPrefix="0" HostType="0" Prefix="0048"/>
				<ITEM ID="49" AutoFill="0" Name="万载营业部" NoPrefix="0" HostType="0" Prefix="0049"/>
				<ITEM ID="50" AutoFill="0" Name="西安阎良营业部" NoPrefix="0" HostType="0" Prefix="0050"/>
				<ITEM ID="51" AutoFill="0" Name="长沙营业部" NoPrefix="0" HostType="0" Prefix="0051"/>
				<ITEM ID="52" AutoFill="0" Name="青岛营业部" NoPrefix="0" HostType="0" Prefix="0052"/>
				<ITEM ID="53" AutoFill="0" Name="宁波营业部" NoPrefix="0" HostType="0" Prefix="0053"/>
				<ITEM ID="54" AutoFill="0" Name="广州营业部" NoPrefix="0" HostType="0" Prefix="0054"/>
				<ITEM ID="56" AutoFill="0" Name="成都营业部" NoPrefix="0" HostType="0" Prefix="0056"/>
				<ITEM ID="57" AutoFill="0" Name="贵阳营业部" NoPrefix="0" HostType="0" Prefix="0057"/>
				<ITEM ID="58" AutoFill="0" Name="新乡营业部" NoPrefix="0" HostType="0" Prefix="0058"/>
				<ITEM ID="59" AutoFill="0" Name="焦作营业部" NoPrefix="0" HostType="0" Prefix="0059"/>
				<ITEM ID="60" AutoFill="0" Name="宜昌营业部" NoPrefix="0" HostType="0" Prefix="0060"/>
				<ITEM ID="61" AutoFill="0" Name="衢州营业部" NoPrefix="0" HostType="0" Prefix="0061"/>
				<ITEM ID="62" AutoFill="0" Name="重庆黄山营业部" NoPrefix="0" HostType="0" Prefix="0062"/>
				<ITEM ID="63" AutoFill="0" Name="东莞营业部" NoPrefix="0" HostType="0" Prefix="0063"/>
				<ITEM ID="64" AutoFill="0" Name="深圳前海新区营业部" NoPrefix="0" HostType="0" Prefix="0064"/>
				<ITEM ID="65" AutoFill="0" Name="鄱阳营业部" NoPrefix="0" HostType="0" Prefix="0065"/>
				<ITEM ID="67" AutoFill="0" Name="上高营业部" NoPrefix="0" HostType="0" Prefix="0067"/>
				<ITEM ID="68" AutoFill="0" Name="进贤营业部" NoPrefix="0" HostType="0" Prefix="0068"/>
				<ITEM ID="69" AutoFill="0" Name="樟树营业部" NoPrefix="0" HostType="0" Prefix="0069"/>
				<ITEM ID="70" AutoFill="0" Name="安福营业部" NoPrefix="0" HostType="0" Prefix="0070"/>
				<ITEM ID="71" AutoFill="0" Name="南宁营业部" NoPrefix="0" HostType="0" Prefix="0071"/>
				<ITEM ID="72" AutoFill="0" Name="包头营业部" NoPrefix="0" HostType="0" Prefix="0072"/>
				<ITEM ID="73" AutoFill="0" Name="哈尔滨营业部" NoPrefix="0" HostType="0" Prefix="0073"/>
				<ITEM ID="74" AutoFill="0" Name="合肥长江西路营业部" NoPrefix="0" HostType="0" Prefix="0074"/>
				<ITEM ID="75" AutoFill="0" Name="井冈山映山红路营业部" NoPrefix="0" HostType="0" Prefix="0075"/>
				<ITEM ID="76" AutoFill="0" Name="长春西安大路营业部" NoPrefix="0" HostType="0" Prefix="0076"/>
				<ITEM ID="77" AutoFill="0" Name="南昌新建区营业部" NoPrefix="0" HostType="0" Prefix="0077"/>
				<ITEM ID="78" AutoFill="0" Name="东乡营业部" NoPrefix="0" HostType="0" Prefix="0078"/>
				<ITEM ID="79" AutoFill="0" Name="婺源营业部" NoPrefix="0" HostType="0" Prefix="0079"/>
				<ITEM ID="80" AutoFill="0" Name="南京营业部" NoPrefix="0" HostType="0" Prefix="0080"/>
				<ITEM ID="81" AutoFill="0" Name="沈阳营业部" NoPrefix="0" HostType="0" Prefix="0081"/>
				<ITEM ID="82" AutoFill="0" Name="北京东三环营业部" NoPrefix="0" HostType="0" Prefix="0082"/>
				<ITEM ID="83" AutoFill="0" Name="海口营业部" NoPrefix="0" HostType="0" Prefix="0083"/>
				<ITEM ID="84" AutoFill="0" Name="福州营业部" NoPrefix="0" HostType="0" Prefix="0084"/>
				<ITEM ID="66" AutoFill="0" Name="总部" NoPrefix="0" HostType="0" Prefix="0066"/>
			</Branch>
		</ITEM>
	</Classification>
	<DefaultProfileOfUser>
		<Colors C11="RGB(100,100,0)"/>
	</DefaultProfileOfUser>
</ProfileOfSystem>
