<?xml version="1.0" encoding="utf-8"?>
<install_log version="1.0.1044" copy_only="True" all_users="False" pinned="False">
  <path>
    G:\文档（Document）\安装包(Packages and PortableApps)\Opera-Mail
  </path>
  <files>
    <file>
      encoding.bin
    </file>
    <file>
      help\en\accounts.html
    </file>
    <file>
      help\en\en.html
    </file>
    <file>
      help\en\feeds.html
    </file>
    <file>
      help\en\get-started.html
    </file>
    <file>
      help\en\keyboard.html
    </file>
    <file>
      help\en\messages.html
    </file>
    <file>
      help\en\organize.html
    </file>
    <file>
      help\en\settings.html
    </file>
    <file>
      help\en\css\print.css
    </file>
    <file>
      help\en\css\styles.css
    </file>
    <file>
      help\en\images\icons\.DS_Store
    </file>
    <file>
      help\en\images\icons\get-started.png
    </file>
    <file>
      help\en\images\icons\ico-labels.png
    </file>
    <file>
      help\en\images\icons\ico-operamail.png
    </file>
    <file>
      help\en\images\icons\keyboard.png
    </file>
    <file>
      help\en\images\icons\messages.png
    </file>
    <file>
      help\en\images\icons\rss.png
    </file>
    <file>
      help\en\images\icons\share-connect.png
    </file>
    <file>
      help\en\images\icons\solutions.png
    </file>
    <file>
      help\en\accounts.html
    </file>
    <file>
      help\en\en.html
    </file>
    <file>
      help\en\feeds.html
    </file>
    <file>
      help\en\get-started.html
    </file>
    <file>
      help\en\keyboard.html
    </file>
    <file>
      help\en\messages.html
    </file>
    <file>
      help\en\organize.html
    </file>
    <file>
      help\en\settings.html
    </file>
    <file>
      help\en\css\print.css
    </file>
    <file>
      help\en\css\styles.css
    </file>
    <file>
      help\en\images\icons\.DS_Store
    </file>
    <file>
      help\en\images\icons\get-started.png
    </file>
    <file>
      help\en\images\icons\ico-labels.png
    </file>
    <file>
      help\en\images\icons\ico-operamail.png
    </file>
    <file>
      help\en\images\icons\keyboard.png
    </file>
    <file>
      help\en\images\icons\messages.png
    </file>
    <file>
      help\en\images\icons\rss.png
    </file>
    <file>
      help\en\images\icons\share-connect.png
    </file>
    <file>
      help\en\images\icons\solutions.png
    </file>
    <file>
      operamail.dll
    </file>
    <file>
      operamail.exe
    </file>
    <file>
      D3DCompiler_43.dll
    </file>
    <file>
      mapi\OperaMAPI.dll
    </file>
    <file>
      updatechecker\opera_autoupdate.exe
    </file>
    <file>
      updatechecker\LICENSES
    </file>
    <file>
      program\plugins\readme.txt
    </file>
    <file>
      lngcode.txt
    </file>
    <file>
      html40_entities.dtd
    </file>
    <file>
      html5_entity_init.dat
    </file>
    <file>
      mathml.dtd
    </file>
    <file>
      files.sig
    </file>
    <file>
      files_old.sig
    </file>
    <file>
      pubsuffix.xml
    </file>
    <file>
      extra\missingplugin.svg
    </file>
    <file>
      extra\missingpluginhover.svg
    </file>
    <file>
      extra\windows-direct3d-10.blocklist.json
    </file>
    <file>
      extra\windows-opengl.blocklist.json
    </file>
    <file>
      defaults\feedreaders.ini
    </file>
    <file>
      defaults\standard_trusted_repositories.ini
    </file>
    <file>
      defaults\mailproviders.xml
    </file>
    <file>
      defaults\webmailproviders.ini
    </file>
    <file>
      defaults\public_domains.dat
    </file>
    <file>
      defaults\dictionaries.xml
    </file>
    <file>
      defaults\tips_metadata.ini
    </file>
    <file>
      defaults\xmlentities.ini
    </file>
    <file>
      defaults\plugin-ignore.ini
    </file>
    <file>
      defaults\handlers-ignore.ini
    </file>
    <file>
      defaults\license.txt
    </file>
    <file>
      locale\zh-cn\operaprefs_locale.ini
    </file>
    <file>
      locale\en\license.txt
    </file>
    <file>
      locale\en\license.txt
    </file>
    <file>
      locale\af\af.lng
    </file>
    <file>
      locale\ar\ar.lng
    </file>
    <file>
      locale\az\az.lng
    </file>
    <file>
      locale\be\be.lng
    </file>
    <file>
      locale\bg\bg.lng
    </file>
    <file>
      locale\bn\bn.lng
    </file>
    <file>
      locale\cs\cs.lng
    </file>
    <file>
      locale\da\da.lng
    </file>
    <file>
      locale\de\de.lng
    </file>
    <file>
      locale\el\el.lng
    </file>
    <file>
      locale\en\en.lng
    </file>
    <file>
      locale\en-GB\en-GB.lng
    </file>
    <file>
      locale\es-ES\es-ES.lng
    </file>
    <file>
      locale\es-LA\es-LA.lng
    </file>
    <file>
      locale\et\et.lng
    </file>
    <file>
      locale\fa\fa.lng
    </file>
    <file>
      locale\fi\fi.lng
    </file>
    <file>
      locale\fr\fr.lng
    </file>
    <file>
      locale\fr-CA\fr-CA.lng
    </file>
    <file>
      locale\fy\fy.lng
    </file>
    <file>
      locale\gd\gd.lng
    </file>
    <file>
      locale\he\he.lng
    </file>
    <file>
      locale\hi\hi.lng
    </file>
    <file>
      locale\hr\hr.lng
    </file>
    <file>
      locale\hu\hu.lng
    </file>
    <file>
      locale\id\id.lng
    </file>
    <file>
      locale\it\it.lng
    </file>
    <file>
      locale\ja\ja.lng
    </file>
    <file>
      locale\ka\ka.lng
    </file>
    <file>
      locale\kk\kk.lng
    </file>
    <file>
      locale\ko\ko.lng
    </file>
    <file>
      locale\lt\lt.lng
    </file>
    <file>
      locale\lv\lv.lng
    </file>
    <file>
      locale\me\me.lng
    </file>
    <file>
      locale\mk\mk.lng
    </file>
    <file>
      locale\ms\ms.lng
    </file>
    <file>
      locale\nb\nb.lng
    </file>
    <file>
      locale\nl\nl.lng
    </file>
    <file>
      locale\nn\nn.lng
    </file>
    <file>
      locale\pa\pa.lng
    </file>
    <file>
      locale\pl\pl.lng
    </file>
    <file>
      locale\pt\pt.lng
    </file>
    <file>
      locale\pt-BR\pt-BR.lng
    </file>
    <file>
      locale\ro\ro.lng
    </file>
    <file>
      locale\ru\ru.lng
    </file>
    <file>
      locale\sk\sk.lng
    </file>
    <file>
      locale\sr\sr.lng
    </file>
    <file>
      locale\sv\sv.lng
    </file>
    <file>
      locale\sw\sw.lng
    </file>
    <file>
      locale\ta\ta.lng
    </file>
    <file>
      locale\te\te.lng
    </file>
    <file>
      locale\th\th.lng
    </file>
    <file>
      locale\tl\tl.lng
    </file>
    <file>
      locale\tr\tr.lng
    </file>
    <file>
      locale\uk\uk.lng
    </file>
    <file>
      locale\ur\ur.lng
    </file>
    <file>
      locale\uz\uz.lng
    </file>
    <file>
      locale\vi\vi.lng
    </file>
    <file>
      locale\zh-cn\zh-cn.lng
    </file>
    <file>
      locale\zh-tw\zh-tw.lng
    </file>
    <file>
      locale\zu\zu.lng
    </file>
    <file>
      locale\en\en.zip
    </file>
    <file>
      region\region.ini
    </file>
    <file>
      region\cn\turbosettings.xml
    </file>
    <file>
      region\hk\turbosettings.xml
    </file>
    <file>
      region\tw\turbosettings.xml
    </file>
    <file>
      region\cn\browser.js
    </file>
    <file>
      region\hk\browser.js
    </file>
    <file>
      region\tw\browser.js
    </file>
    <file>
      skin\standard_skin.zip
    </file>
    <file>
      styles\about.css
    </file>
    <file>
      styles\cache.css
    </file>
    <file>
      styles\certinfo.css
    </file>
    <file>
      styles\config.css
    </file>
    <file>
      styles\contentblock.css
    </file>
    <file>
      styles\cpu.css
    </file>
    <file>
      styles\dir.css
    </file>
    <file>
      styles\debug.css
    </file>
    <file>
      styles\error.css
    </file>
    <file>
      styles\gpu.css
    </file>
    <file>
      styles\history.css
    </file>
    <file>
      styles\image.css
    </file>
    <file>
      styles\im.css
    </file>
    <file>
      styles\info.css
    </file>
    <file>
      styles\mathml.css
    </file>
    <file>
      styles\media.css
    </file>
    <file>
      styles\message.css
    </file>
    <file>
      styles\mime.css
    </file>
    <file>
      styles\opera.css
    </file>
    <file>
      styles\plugins.css
    </file>
    <file>
      styles\private.css
    </file>
    <file>
      styles\search.css
    </file>
    <file>
      styles\warning.css
    </file>
    <file>
      styles\webstorage.css
    </file>
    <file>
      styles\wml.css
    </file>
    <file>
      styles\images\arrow.png
    </file>
    <file>
      styles\images\bar.png
    </file>
    <file>
      styles\images\bkgd.png
    </file>
    <file>
      styles\images\bkgd-rev.png
    </file>
    <file>
      styles\images\bullet.png
    </file>
    <file>
      styles\images\center.png
    </file>
    <file>
      styles\images\container.png
    </file>
    <file>
      styles\images\customize.gif
    </file>
    <file>
      styles\images\darkBox.png
    </file>
    <file>
      styles\images\defaultFavicon.png
    </file>
    <file>
      styles\images\error.png
    </file>
    <file>
      styles\images\flag.png
    </file>
    <file>
      styles\images\file.png
    </file>
    <file>
      styles\images\folder.png
    </file>
    <file>
      styles\images\hanger.png
    </file>
    <file>
      styles\images\opera-icon-red.png
    </file>
    <file>
      styles\images\opera.png
    </file>
    <file>
      styles\images\Opera_256x256.png
    </file>
    <file>
      styles\images\page-bot.png
    </file>
    <file>
      styles\images\red_center.png
    </file>
    <file>
      styles\images\red_left.png
    </file>
    <file>
      styles\images\red_right.png
    </file>
    <file>
      styles\images\root.png
    </file>
    <file>
      styles\images\search.png
    </file>
    <file>
      styles\images\section.png
    </file>
    <file>
      styles\images\smartGroup.png
    </file>
    <file>
      styles\images\tooltiptail.png
    </file>
    <file>
      styles\images\top.png
    </file>
    <file>
      styles\images\warning.png
    </file>
    <file>
      styles\drives.css
    </file>
    <file>
      styles\unstyledxml.css
    </file>
    <file>
      styles\webfeeds.html
    </file>
    <file>
      styles\m2_welcome_message.mbs
    </file>
    <file>
      styles\m2_upgrade_1160.mbs
    </file>
    <file>
      styles\mail.css
    </file>
    <file>
      styles\feed.css
    </file>
    <file>
      styles\user\accessibility.css
    </file>
    <file>
      styles\user\altdebugger.css
    </file>
    <file>
      styles\user\classid.css
    </file>
    <file>
      styles\user\contrastbw.css
    </file>
    <file>
      styles\user\contrastwb.css
    </file>
    <file>
      styles\user\disablebreaks.css
    </file>
    <file>
      styles\user\disablefloats.css
    </file>
    <file>
      styles\user\disableforms.css
    </file>
    <file>
      styles\user\disablepositioning.css
    </file>
    <file>
      styles\user\disabletables.css
    </file>
    <file>
      styles\user\outline.css
    </file>
    <file>
      styles\user\structureblock.css
    </file>
    <file>
      styles\user\structureinline.css
    </file>
    <file>
      styles\user\structuretables.css
    </file>
    <file>
      styles\user\tablelayout.css
    </file>
    <file>
      styles\user\toc.css
    </file>
    <file>
      ui\dialog.ini
    </file>
    <file>
      ui\fastforward.ini
    </file>
    <file>
      ui\standard_keyboard.ini
    </file>
    <file>
      ui\standard_keyboard_compat.ini
    </file>
    <file>
      ui\standard_menu.ini
    </file>
    <file>
      ui\standard_mouse.ini
    </file>
    <file>
      ui\standard_toolbar.ini
    </file>
    <file>
      ui\dialogs.yml
    </file>
    <file>
      ui\widgets.yml
    </file>
    <file>
      ui\embedded_keyboard.ini
    </file>
    <file>
      ui\embedded_menu.ini
    </file>
    <file>
      ui\embedded_mouse.ini
    </file>
    <file>
      gstreamer\README.txt
    </file>
    <file>
      gstreamer\LGPL.txt
    </file>
    <file>
      gstreamer\gstreamer.dll
    </file>
    <file>
      gstreamer\plugins\gstaudioconvert.dll
    </file>
    <file>
      gstreamer\plugins\gstaudioresample.dll
    </file>
    <file>
      gstreamer\plugins\gstcoreplugins.dll
    </file>
    <file>
      gstreamer\plugins\gstdecodebin2.dll
    </file>
    <file>
      gstreamer\plugins\gstdirectsound.dll
    </file>
    <file>
      gstreamer\plugins\gstffmpegcolorspace.dll
    </file>
    <file>
      gstreamer\plugins\gstoggdec.dll
    </file>
    <file>
      gstreamer\plugins\gstwavparse.dll
    </file>
    <file>
      gstreamer\plugins\gstwebmdec.dll
    </file>
    <file>
      gstreamer\plugins\gstwaveform.dll
    </file>
    <file>
      gstreamer\plugins\gstautodetect.dll
    </file>
  </files>
</install_log>
