﻿	<?xml version="1.0" encoding="UTF-8"?>
<ProfileOfOEM>
	<QsTags>
		<ITEM Qsid="96" Qsjc="ZHZQ" Qsmc="中航证券"/>
	</QsTags>
	<Common>
		<Main AppTitle="通达信网上交易V6"/>
		<Debug Dump="NO" Trace="NO" Log="NO"/>
		<VersionCheck Enable="YES" CheckMode="0"/>
		<DigitSign Enable="YES"/>
		<Update UpdateURL=""/>
	</Common>
	<Language Default=""/>
	<ImagePackage Normal16="IMAGELIST16.BMP" Normal32="IMAGELIST32.BMP">
		<ITEM Name="Other" Normal16="other16.bmp" Normal32="other32.bmp"/>
	</ImagePackage>
	<Addin>
		<ITEM FileName="AddinUtility.dll" Pivotal="YES" Enable="YES"/>
		<ITEM FileName="AddinCommonControl.dll" Pivotal="YES" Enable="YES"/>
		<ITEM FileName="AddinSafeControl.dll" Pivotal="YES" Enable="YES"/>
		<ITEM FileName="AddinTList.dll" Pivotal="YES" Enable="YES"/>
		<ITEM FileName="AddinMiniQuote.dll" Pivotal="YES" Enable="YES"/>
		<ITEM FileName="AddinStock.dll" Pivotal="NO" Enable="YES"/>
		<ITEM FileName="AddinCredit.dll" Pivotal="NO" Enable="NO"/>
		<ITEM FileName="AddinFund.dll" Pivotal="NO" Enable="YES"/>
		<ITEM FileName="AddinYzzz.dll" Pivotal="NO" Enable="YES"/>
		<ITEM FileName="AddinStockHGT.dll" Pivotal="NO" Enable="YES"/>
		<ITEM FileName="AddinService.dll" Pivotal="NO" Enable="YES"/>
	</Addin>
	<TcSkinUtility>
		<EmbUI QsTag="中航证券" ResDllName="res_std2.dll" XScale="96" YScale="96"/>
	</TcSkinUtility>
	<LoginExtend>
		<ITEM StepName="写入缓存信息" FeatureID="Gina.WriteCookies" Enable="YES"/>
		<ITEM StepName="检查登录限制" FeatureID="GINA.JCDLXZ" Enable="NO"/>
	</LoginExtend>
	<LogoutExtend>
		<ITEM StepName="关闭推送" FeatureID="GINA.GinaExtend1" Enable="NO"/>
	</LogoutExtend>
	<AutoRunExtend>
		<ITEM StepName="股东银行查询" FeatureID="AutoRun.GdYhCx" Enable="YES"/>
	</AutoRunExtend>
	<TcNoticeUtility>
	</TcNoticeUtility>
	<TcHomeUtility WelcomeFeatureID="" StartFeatureID="" Bkgd="">
	</TcHomeUtility>
	<TcPivotalFeature>
	</TcPivotalFeature>
	<Cache Enable="NO">
		<GDDM Cache="NO" ValidDays="1"/>
		<YHXX Cache="NO" ValidDays="1"/>
	</Cache>
	<Network>
		<Version ClientType="" ClientVersion="6.44" CliType="" VipTermFlag="0"/>
		<Patch DownPatch="YES"/>
		<Certificate Enable="NO"/>
		<Balance JustNet="NO"/>
		<Timeout BalanceTimeout="1000" ConnectTimeout="5000" JobTimeout="0"/>
		<Connect AutoConnectNext="YES" ConnectNextPrompt="YES" RememberNew="YES"/>
		<ReconnPolicy ReconnJustNow="YES" ReconnOnRequired="YES" ReconnWhenFront="NO" ReconnJumpType="0"/>
		<ReconnTimer ReconnOnTimer="YES" ReconnSpan="5" MaxReconnTimes="0"/>
		<Optimize DisconnectOnIdle="NO" DisconnIdleTime="300" DisconnectOnLock="NO" DisconnectOnIconic="NO"/>
		<ReconnNotify ConnLostNotify="NO" ReconnDoneNotify="NO" ReconnFailNotify="NO"/>
		<Alive OnIdle="NO"/>
	</Network>
	<ScrSaver>
		<Option LockOnIconic="NO" HideOnLock="YES"/>
	</ScrSaver>
	<MessageSystem>
		<Common SaveNoteFlags="NO" ForcePromptPerClient="YES" Use5XStyle="YES"/>
	</MessageSystem>
	<OptionDlg>
		<Option Resize="NO" TabMode="YES"/>
	</OptionDlg>
	<UI>
		<UIDList Height="200" width="200" BoxWidth="300">
			<Option SHOW_ZHXX="YES" SHOW_QXXX="YES" PROTECT_UNAME="NO" PROTECT_BNAME="YES" PROTECT_HIDEUSEMASK="YES"/>
		</UIDList>
		<MenuBar>
			<Option Visible="NO" SmartLayout="NO" LargeSize="NO"/>
			<Content>
			</Content>
		</MenuBar>
		<ToolBar>
			<Option Visible="NO" SmartLayout="YES" LargeSize="YES"/>
			<Content>
			</Content>
		</ToolBar>
		<Nav>
			<Option Visible="NO" RememberLast="YES" AutoTrack="YES"/>
			<Styles Appearance="10" Position="0" ShowIcon="NO" OneNoteColor="NO" Compressed="NO"/>
			<UIDList Height="200" Width="200" BoxWidth="200" Format=""/>
			<Content DirImage="5" DirExpandImage="6" ItemImage="7">
				<ITEM ID="股票" FeatureID="group.stock" HomeFeatureID="Stock.Buy" Title="股票">
					<ITEM ID="Stock.Buy" FeatureID="Stock.Buy" Title="买入" Image="8"/>
					<ITEM ID="Stock.Sell" FeatureID="Stock.Sell" Title="卖出" Image="9"/>
					<ITEM ID="Stock.marketBuy" FeatureID="Stock.marketBuy" Title="市价买入" Image="8"/>
					<ITEM ID="Stock.marketsell" FeatureID="Stock.marketsell" Title="市价卖出" Image="9"/>
					<ITEM ID="Stock.BUYSELL" FeatureID="Stock.BUYSELL" Title="对买对卖" Image="10"/>
					<ITEM ID="Stock.buylots" FeatureID="Stock.buylots" Title="批量买入" Image="8"/>
					<ITEM ID="Stock.selllots" FeatureID="Stock.selllots" Title="批量卖出" Image="9"/>
					<ITEM ID="Stock.wtcd" FeatureID="Stock.wtcd" Title="撤单" Image="11"/>
					<ITEM ID="query" FeatureID="AlwaysOn" Title="查询">
						<ITEM ID="Stock.zjgf" FeatureID="Stock.zjgf" Title="资金股份"/>
						<ITEM ID="Stock.drwtcx" FeatureID="Stock.drwtcx" Title="当日委托"/>
						<ITEM ID="Stock.drcjcx" FeatureID="Stock.drcjcx" Title="当日成交"/>
						<ITEM ID="Stock.lswtcx" FeatureID="Stock.lswtcx" Title="历史委托"/>
						<ITEM ID="Stock.lscjcx" FeatureID="Stock.lscjcx" Title="历史成交"/>
						<ITEM ID="Stock.zjls" FeatureID="Stock.zjls" Title="资金流水"/>
						<ITEM ID="Stock.zjye" FeatureID="Stock.zjye" Title="资金余额"/>
						
						<ITEM ID="Stock.jgd" FeatureID="Stock.jgd" Title="交割单" /> 
						
						<ITEM ID="Stock.gfhzcx" FeatureID="Stock.gfhzcx" Title="股份汇总"/>
						<ITEM ID="Stock.cjhzcx" FeatureID="Stock.cjhzcx" Title="成交汇总"/>
						<ITEM ID="Stock.printdzd" FeatureID="Stock.printdzd" Title="打印对账单"/>
						<ITEM ID="Stock.printjgd" FeatureID="Stock.printjgd" Title="打印交割单"/>
						
					</ITEM>
                                        <ITEM ID="XGSG" FeatureID="AlwaysOn" Title="新股申购">
						<ITEM ID="Stock.singlezhxgsg" FeatureID="Stock.singlexgsg" Title="新股申购"/>
						<ITEM ID="Stock.singlezhxgsgcombo" FeatureID="Stock.singlexgsgcombo" Title="新股批量申购"/>				
						<ITEM ID="Stock.Ipodjkcx" FeatureID="Stock.Ipodjkcx" Title="新股中签查询"/>
						<ITEM ID="Stock.IpoLbcx" FeatureID="Stock.IpoLbcx" Title="可申购新股查询"/>  	 
						<ITEM ID="Stock.xgph" FeatureID="Stock.xgph" Title="新股配号查询"/>					
						
						<ITEM ID="Stock.IpoXgsgedCx" FeatureID="Stock.IpoXgsgedCx" Title="新股申购额度查询"/>
                                                <ITEM ID="Stock.zqcx" FeatureID="Stock.zqcx" Title="历史中签查询"/>
					</ITEM>
                                        <ITEM ID="YXJY" FeatureID="AlwaysOn" Title="全国股份报价转让" >
						<ITEM ID="Stock.bj_yxmr" FeatureID="Stock.bj_yxmr" Title="限价申报买入"/>
						<ITEM ID="Stock.bj_yxmc" FeatureID="Stock.bj_yxmc" Title="限价申报卖出"/>
						<ITEM ID="Stock.bj_djmr" FeatureID="Stock.bj_djmr" Title="定价申报买入"/>
						<ITEM ID="Stock.bj_djmc" FeatureID="Stock.bj_djmc" Title="定价申报卖出"/>
						<ITEM ID="Stock.bj_cjqrmr" FeatureID="Stock.bj_cjqrmr" Title="协议转让成交确认买入"/>
						<ITEM ID="Stock.bj_cjqrmc" FeatureID="Stock.bj_cjqrmc" Title="协议转让成交确认卖出"/>
						<ITEM ID="Stock.bj_hbqrmr" FeatureID="Stock.bj_hbqrmr" Title="协议转让互报成交确认买入"/>
						<ITEM ID="Stock.bj_hbqrmc" FeatureID="Stock.bj_hbqrmc" Title="协议转让互报成交确认卖出"/>
                                                <ITEM ID="Stock.XSBWTCX" FeatureID="Stock.XSBWTCX" Title="报价转让委托查询"/> 
						<ITEM ID="Stock.XSBWTCD" FeatureID="Stock.XSBWTCD" Title="报价转让撤单"/>
                                                <ITEM ID="Stock.gzyxgsbcx" FeatureID="Stock.gzyxgsbcx" Title="股转优先股申报信息查询"/>
                                                <ITEM ID="Stock.gzyxgcjcx" FeatureID="Stock.gzyxgcjcx" Title="股转优先股成交信息查询"/>
                                        </ITEM>
					<ITEM ID="LOF" FeatureID="AlwaysOn" HomeFeatureID="Stock.lofjjrg" Title="场内开放式基金(LOF)" Collapse="YES">
						<ITEM ID="Stock.lofjjrg" FeatureID="Stock.lofjjrg" Title="基金认购" Image="7"/>
						<ITEM ID="Stock.lofjjsg" FeatureID="Stock.lofjjsg" Title="基金申购" Image="7"/>
						<ITEM ID="Stock.lofjjsh" FeatureID="Stock.lofjjsh" Title="基金赎回" Image="7"/>
						<ITEM ID="LOF" FeatureID="AlwaysOn" Title="盘后分级基金" Collapse="NO">
							<ITEM ID="Stock.lofjjhbfc" FeatureID="Stock.lofjjhbfc" Title="分级基金合并分拆"/>
							<ITEM ID="Stock.lofjjhbfc" FeatureID="Stock.lofjjhb" Title="分级基金合并" />
							<ITEM ID="Stock.lofjjhbfc" FeatureID="Stock.lofjjfc" Title="分级基金分拆" />
							<ITEM ID="Stock.lofcd" FeatureID="Stock.lofcd" Title="分级基金撤单" Image="7"/>
							<ITEM ID="Stock.lofdrwtcx" FeatureID="Stock.lofdrwtcx" Title="当日委托查询" />
							<ITEM ID="Stock.lofdrcjcx" FeatureID="Stock.lofdrcjcx" Title="当日成交查询" />
							<ITEM ID="Stock.loflswtcx" FeatureID="Stock.loflswtcx" Title="历史委托查询" />
							<ITEM ID="Stock.loflscjcx" FeatureID="Stock.loflscjcx" Title="历史成交查询" />
							<ITEM ID="Stock.lofcd" FeatureID="Stock.lofcd" Title="LOF撤单查询"/>
						</ITEM>
					</ITEM>
                                        <ITEM ID="TPYW" FeatureID="AlwaysOn" Title="网络投票" >
						<ITEM ID="js.Webforjs1" FeatureID="js.Webforjs1" Title="投票"/>
						<ITEM ID="js.Webforjs2" FeatureID="js.Webforjs2" Title="投票查询"/>
                                        </ITEM>
                                        <ITEM ID="DZHT" FeatureID="AlwaysOn" Title="电子合同">
						<ITEM ID="CX_DZHTEX" FeatureID="DZHTEX" Title="电子合同签约"/>
						<ITEM ID="CX_DZHTLS" FeatureID="CX_DZHTLS" Title="电子合同流水查询"/>
						<ITEM ID="CX_DZHTZT" FeatureID="CX_DZHTZT" Title="电子合同状态查询"/>     
						<ITEM ID="CX_DZHTEX" FeatureID="DZHTJY" Title="电子合同撤消"/>   
					</ITEM>  
					<ITEM ID="yzyw" FeatureID="AlwaysOn" Title="银证业务">
						<ITEM ID="yzzz" FeatureID="yzzz" Title="银证转账"/>
						<ITEM ID="yhye" FeatureID="yhye" Title="银行余额"/>
						<ITEM ID="zzcx" FeatureID="zzcx" Title="转账查询"/>
					</ITEM>
					<ITEM ID="yzyw" FeatureID="AlwaysOn" Title="三方存管业务">
						<ITEM ID="DYH_ZJMX" FeatureID="DYH_ZJMX" Title="资金明细查询"/>
						<ITEM ID="DYH_yzzz" FeatureID="DYH_yzzz" Title="银证转帐"/>
                                                <ITEM ID="DYH_ZZCX" FeatureID="DYH_ZZCX" Title="银行转帐流水"/>
                                                <ITEM ID="Zjgj" FeatureID="Zjgj" Title="资金归集"/>
                                                <ITEM ID="zjzzztf" FeatureID="zjzzztf" Title="内部划转（主转辅）"/>
                                                <ITEM ID="zjzzftz" FeatureID="zjzzftz" Title="内部划转（辅转主）"/>
                                                <ITEM ID="zjzzlscx" FeatureID="zjzzlscx" Title="内部划转流水"/>
                                                <ITEM ID="DYH_ZJLS" FeatureID="DYH_ZJLS" Title="多银行资金流水"/>
					</ITEM>
					<ITEM ID="zdyzht" FeatureID="AlwaysOn" Title="自定义组合通">
						<ITEM ID="Stock.zdyzht" FeatureID="Stock.zdyzht" Title="自定义组合通"/>
						<ITEM ID="Stock.zdyzhtbuysell" FeatureID="Stock.zdyzhtbuysell" Title="自定义组合通买卖"/>
						<ITEM ID="Stock.zdyzhthz" FeatureID="Stock.zdyzhthz" Title="自定义组合通汇总"/>
					</ITEM>
					<ITEM ID="otheryw" FeatureID="AlwaysOn" Title="其它业务">
						<ITEM ID="Stock.lofjjsgsh" FeatureID="Stock.lofjjsgsh" Title="交易所基金申购赎回"/>
						<ITEM ID="Stock.qzxq" FeatureID="Stock.qzxq" Title="权证行权"/>
						<ITEM ID="Stock.zghs" FeatureID="Stock.zghs" Title="转股回售"/>
                                             	<ITEM ID="Stock.ktqx" FeatureID="Stock.ktqx" Title="退市警示板块签署"/>
					</ITEM>
					<ITEM ID="lof" FeatureID="AlwaysOn" Title="LOF业务">
                                                <ITEM ID="Stock.lofjjrgsgsh" FeatureID="Stock.lofjjrgsgsh" Title="lof认购申购赎回"/>
						<ITEM ID="Stock.lofjjfhsz" FeatureID="Stock.lofjjfhsz" Title="lof分红设置"/>
						<ITEM ID="Stock.lofjjhbfc" FeatureID="Stock.lofjjhbfc" Title="lof合并分拆"/>
					</ITEM>
					<ITEM ID="yyyw" FeatureID="AlwaysOn" Title="要约业务">
                                                <ITEM ID="Stock.etfyysb" FeatureID="Stock.etfyysb" Title="要约申报"/>
						<ITEM ID="Stock.etfyyjc" FeatureID="Stock.etfyyjc" Title="要约撤单"/>
					</ITEM>
					<ITEM ID="extragn" FeatureID="AlwaysOn" Title="其它委托">
                                                <ITEM ID="Stock.SingleBuyLots" FeatureID="Stock.SingleBuyLots" Title="单帐户批量买入"/> 
                                                <ITEM ID="Stock.SingleSellLots" FeatureID="Stock.SingleSellLots" Title="单帐户批量卖出"/>
						<ITEM ID="Stock.yjwt" FeatureID="Stock.yjwt" Title="预警委托"/>
						<ITEM ID="Stock.ymd" FeatureID="Stock.ymd" Title="预埋单"/>
					</ITEM>
                                        <ITEM ID="CP_TZFXCPEX" FeatureID="CP_TZFXCPEX" Title="风险承受能力测评"/>
					<ITEM ID="Stock.xgzl" FeatureID="Stock.xgzl" Title="修改资料"/>
					<ITEM ID="Stock.xgmm" FeatureID="Stock.xgmm" Title="修改密码"/>
					<ITEM ID="Stock.gdlb" FeatureID="Stock.gdlb" Title="股东列表"/>
				</ITEM>
				<ITEM ID="港股通" FeatureID="AlwaysOn" Title="港股通" BKGD ="RGB(240,240,240)" >
					<ITEM ID="StockHGT.Buy" FeatureID="StockHGT.Buy" Title="买入"/>
					<ITEM ID="StockHGT.Sell" FeatureID="StockHGT.Sell" Title="卖出"/>
					<ITEM ID="StockHGT.SellLG" FeatureID="StockHGT.SellLG" Title="碎股卖出"/>
					<ITEM ID="StockHGT.Vote" FeatureID="StockHGT.Vote" Title="投票申报"/>
					<ITEM ID="StockHGT.GSXW" FeatureID="StockHGT.GSXW" Title="公司行为"/>
					<ITEM ID="StockHGT.GSXWGGPS" FeatureID="StockHGT.GSXWGGPS" Title="公司行为申报供股配售"/>
					<ITEM ID="StockHGT.CDCX" FeatureID="StockHGT.CDCX" Title="撤单"/>
					<ITEM ID="query" FeatureID="AlwaysOn" Title="查询">
						<ITEM ID="StockHGT.HLCX" FeatureID="StockHGT.HLCX" Title="港股通汇率查询"/>
						<ITEM ID="StockHGT.GFCX" FeatureID="StockHGT.GFCX" Title="资金股份查询"/>
						<ITEM ID="StockHGT.ZJJSMXCX" FeatureID="StockHGT.ZJJSMXCX" Title="港股通对账单查询" />
						<ITEM ID="StockHGT.DRWTCX" FeatureID="StockHGT.DRWTCX" Title="港股通当日委托查询"/>
						<ITEM ID="StockHGT.DRCJCX" FeatureID="StockHGT.DRCJCX" Title="港股通当日成交查询"/>
						<ITEM ID="StockHGT.LSWTCX" FeatureID="StockHGT.LSWTCX" Title="港股通历史委托查询"/>
						<ITEM ID="StockHGT.ZJJSMXCX" FeatureID="StockHGT.ZJJSMXCX" Title="港股通历史成交查询"/>
						<ITEM ID="StockHGT.TZXXCX" FeatureID="StockHGT.TZXXCX" Title="港股通通知信息查询" />
						<ITEM ID="StockHGT.JWCX" FeatureID="StockHGT.JWCX" Title="港股通价位查询"/>
					</ITEM>
				</ITEM>	
				<ITEM ID="基金" FeatureID="group.fund" HomeFeatureID="fund.JJKH" Title="基金">
					<ITEM ID="WT_JJRG" FeatureID="fund.WT_JJRG" Title="基金认购"/>
					<ITEM ID="WT_JJSG" FeatureID="fund.WT_JJSG" Title="基金申购"/>
					<ITEM ID="WT_JJSH" FeatureID="fund.WT_JJSH" Title="基金赎回"/>
					<ITEM ID="WT_WTCD" FeatureID="fund.WT_WTCD" Title="基金撤单"/>
					<ITEM ID="WT_JJZH" FeatureID="fund.WT_JJZH" Title="基金转换"/>
					<ITEM ID="WT_JJFHSZ" FeatureID="fund.WT_JJFHSZ" Title="基金分红设置"/>
					<ITEM ID="JJ_CX" FeatureID="fund.CX_JJFECX" Title="查询">
						<ITEM ID="CX_JJFECX" FeatureID="fund.CX_JJFECX" Title="基金份额查询"/>
						<ITEM ID="CX_JJDMCX" FeatureID="fund.CX_JJDMCX" Title="基金代码查询"/>
						<ITEM ID="CX_JJGSCX" FeatureID="fund.CX_JJGSCX" Title="基金公司查询"/>
						<ITEM ID="CX_JJZHCX" FeatureID="fund.CX_JJZHCX" Title="基金账号查询"/>
						<ITEM ID="CX_WTCX" FeatureID="fund.CX_WTCX" Title="基金委托查询"/>
						<ITEM ID="CX_CJCX" FeatureID="fund.CX_CJCX" Title="基金成交查询"/>
						<ITEM ID="CX_FXXXCX" FeatureID="CX_FXXXCX" Title="基金风险信息查询"/>	
					</ITEM>
					<ITEM ID="JJKH" FeatureID="fund.JJKH" Title="基金交易帐户" Image="5">
						<ITEM ID="JJKH" FeatureID="fund.JJKH" Title="开户" Image="7"/>
					</ITEM>
					<ITEM ID="JJCP" FeatureID="JJCPEX" Title="基金风险承受能力测评"/> 
				</ITEM>
				
			</Content>
		</Nav>
		<MainViewBar>
			<Option Visible="YES" SmartLayout="NO" LargeSize="NO"/>
			<Content>
				
				<ITEM ID="Buy" Type="4" FeatureID="Stock.Buy" GroupFeatureID="group.stock" Title="买入" Color="000000" HotColor="FF0000"/>
				<ITEM ID="Sell" Type="4" FeatureID="Stock.Sell" GroupFeatureID="group.stock" Title="卖出" Color="000000" HotColor="008000"/>
				<ITEM ID="Cancel" Type="4" FeatureID="Stock.Cancel" GroupFeatureID="group.stock" Title="撤单" Color="000000" HotColor="0000FF"/>
				<ITEM ID="Bargain" Type="4" FeatureID="Stock.drcjcx" GroupFeatureID="group.stock" Title="成交" Color="000000" HotColor="0000FF"/>
				<ITEM ID="Position" Type="4" FeatureID="Stock.zjgf" GroupFeatureID="group.stock" Title="持仓" Color="000000" HotColor="0000FF"/>
				<ITEM ID="WT_JJSG" Type="4" FeatureID="fund.WT_JJSG" GroupFeatureID="group.fund" Title="申购" Color="RGB(0,0,0)" HotColor="RGB(0,0,255)"/>
				<ITEM ID="WT_JJRG" Type="4" FeatureID="fund.WT_JJRG" GroupFeatureID="group.fund" Title="认购" Color="RGB(0,0,0)" HotColor="RGB(0,0,255)"/>
				<ITEM ID="WT_JJSH" Type="4" FeatureID="fund.WT_JJSH" GroupFeatureID="group.fund" Title="赎回" Color="RGB(0,0,0)" HotColor="RGB(0,0,255)"/>Color="000000" HotColor="0000FF"/>
				<ITEM ID="RefreshForce" Type="4" FeatureID="basic.RefreshForce" Title="刷新" Color="000000"/>
				<ITEM ID="CaptionBar" CmdUIID="basic.CaptionBar" Title="标题"/>
				<ITEM ID="EnterScrSaver" Type="4" FeatureID="basic.EnterScrSaver" Title="锁定" Color="FF0000"/>
				<ITEM ID="SystemInfo" Type="4" FeatureID="basic.SystemInfo" Title="系统" Color="000000">
					<ITEM ID="SystemOptions" FeatureID="basic.SystemOptions" Title="交易系统设置"/>
					<ITEM ID="Toggle" FeatureID="basic.Toggle" Title="浮动/停靠界面"/>
					<ITEM ID="SystemStatus" Group="YES" FeatureID="basic.SystemStatus" Title="系统状态"/>
					<ITEM ID="SystemTips" FeatureID="basic.SystemTips" Title="系统提示"/>
					<ITEM ID="SystemCallboard" FeatureID="basic.SystemCallboard" Title="系统公告"/>
					<ITEM ID="SystemUrgent" FeatureID="basic.SystemUrgent" Title="营业部公告"/>
				</ITEM>
				<ITEM ID="MultiAccounts" Type="4" FeatureID="basic.MultiAccounts" Title="多帐号" Color="RGB(0,0,0)">
					<ITEM ID="AddAccount" FeatureID="basic.AddAccount" Title="添加其它帐号"/>
					<ITEM ID="DelAccount" FeatureID="basic.DelAccount" Title="退出当前帐号"/>
				</ITEM>
				<ITEM ID="AccountsList" CmdUIID="basic.AccountsList" Title="帐号列表"/>
				<ITEM ID="Minimize" CmdUIID="basic.MinimizeBox" Title="最小化"/>
				<ITEM ID="Maximize" CmdUIID="basic.MaximizeBox" Title="最大化"/>
				<ITEM ID="SystemQuit" CmdUIID="basic.CloseBox" Title="关闭"/>
			</Content>
		</MainViewBar>
		<StatusBar>
			<Option Visible="NO"/>
			<Content>
			</Content>
		</StatusBar>
		<BannerBar>
			<Option Visible="NO" SmartLayout="YES"/>
			<Content>
			</Content>
		</BannerBar>
	</UI>
	<DefaultProfileOfUser>
		<Colors C11="RGB(100,100,0)"/>
		<SysSet>
			<OTHER HQUPDATE="5" HQRETRYNUM="5" CLEAN="1" FILLPRICE="1" SENDMSGTOHQ="1" DRCJNOCD="1" BuySuccess_AddZxg="1" TIMEOUT="25" LOCKTIME="30" SHOWZHINFO="1" FASTCHECK="0" VIRTKEY="67" COMBOKEY="6" GETGTZDKM="0" FASTJYTYPE="1" BCURSOR="0" QUERYTIP="1" UseAdvJy="1">
				<FASTJYNORMAL CHECKPWD="1" GPAUTOCONFIRM="1" HIDELOCK="1" JYConfirm="1" LevinThenWTCX="1" SJCDNOCONFIRM="0" YMSENDNOCONFIRM="0"/>
				<FASTJYFAST CHECKPWD="0" GPAUTOCONFIRM="1" HIDELOCK="0" JYConfirm="1" LevinThenWTCX="1" SJCDNOCONFIRM="0" YMSENDNOCONFIRM="0"/>
				<FASTJYFASTEST CHECKPWD="0" GPAUTOCONFIRM="1" HIDELOCK="0" JYConfirm="0" LevinThenWTCX="0" SJCDNOCONFIRM="1" YMSENDNOCONFIRM="1"/>
				<FASTJYCUSTOM CHECKPWD="0" GPAUTOCONFIRM="1" HIDELOCK="0" JYConfirm="0" LevinThenWTCX="1" SJCDNOCONFIRM="0" YMSENDNOCONFIRM="0"/>
			</OTHER>
			<HOTKEY INFO="0"/>
			<ZJZHFIX BENABLE="0" WS="4" QZ=""/>
			<TRADESET USE="0" BUYUP="5.000000" SELLOW="5.000000" BUYSUM="100000" MINBUYVOL="100" BMINBUYVOL="0" MINSELLVOL="100" BMINSELLVOL="0" LASTBUYCW="0" lastsellcw="0"/>
			<AUTOTRACE USE="0" BINDEX="4" SINDEX="5"/>
			<AUTOFC GPUSE="0" HGUSE="0" ZQUSE="0" QZUSE="0" GPVOL="1" HGVOL="1" ZQVOL="1" QZVOL="1" GPSJNUM="1" HGSJNUM="1" ZQSJNUM="1" QZSJNUM="1" QZFCTIP="1" LEVINFC="0"/>
			<LEVINCFG CJWTNOICON="0" BUYVOLFLAG="0" FIXBUYMONEY="100000.000000" FIXBUYVOL="10000" FIXSELLVOL="10000" SELLVOLFLAG="0" EXT_DBPRICE="0" EXT_TRADEALL="0"/>
		</SysSet>
	</DefaultProfileOfUser>
</ProfileOfOEM>
